Workbook
Name flat_modal_share: Config!$B$5
Name flat_reverse_slack: Config!$B$4
Name roster_n: Config!$B$2
Name schema_version: Config!$B$3
Name stance_identical_min: Config!$B$6

Sheet ReadMe
A1: AI-Dev-Survey — Scoring sheet (wayfinder #15). Formulas only, no macros. Implements rubric/RUBRIC.md and scoring/scoring-rules.md; exports the Scored CSV described in scoring/scored-csv-schema.md.
A3: How to use
A4: 1. Export responses from Microsoft Forms (Responses → Open in Excel). If columns look out of order, use ⋯ → Sync all responses to a new workbook instead.
A5: 2. Paste the whole export sheet — header row included — over the Responses sheet here, starting at A1. Columns are matched by header text, so order does not matter; the header text must be exactly the form's statement text (survey/SURVEY.md).
A6: 3. Values, Pattern, Export and Team are formulas over one row per response. They ship with eight rows (the fake sample). For more responses, select the last row of Values, Pattern and Export and fill down; for fewer, delete the surplus rows. Rows must be 1:1 with Responses rows 2, 3, 4 …
A7: 4. Set Config!roster_n to the team size (the number who could have answered).
A8: 5. Export sheet → File → Save As → CSV UTF-8 (Comma delimited) (*.csv). Save it OUTSIDE this repository (scoring/*.csv is git-ignored, but the Forms .xlsx is not — keep that outside too). Drop the CSV on dashboard/index.html.
A10: Acceptance test
A11: The Responses sheet ships filled with the eight fake personas of scoring/scored-sample.csv, converted back into Forms labels. After a full recalculation, the Export sheet must equal scored-sample.csv cell for cell (RUBRIC §8 shows Sofia Marchetti's arithmetic; Jonas Weber trips the Pattern flags). scripts/make-scoring-xlsx.mjs rebuilds this file.
A13: Sheets
A14: Config — roster size, schema version, and the three Pattern-flag thresholds (named cells).
A15: Responses — shaped exactly like the Forms export: five built-in columns, then one column per Likert statement or Choice question, values as label text.
... A20: Team — mean, min, max, range and n per Dimension and pass; Coverage distributions and medians. Read-only summary; the dashboard recomputes these from the CSV.

Sheet Config
A1: Setting | B1: Value | C1: Notes
A2: roster_n | B2: 9 | C2: Team size — everyone who could have answered. Exported on every row so the dashboard can show 'n of roster'.
A3: schema | B3: 1 | C3: Scored CSV schema version. The dashboard refuses any other value.
A4: flat_reverse_slack | B4: 1 | C4: #20: a block is flat when its reverse-keyed rows at the mode ≥ (reverse-keyed rows answered − this). 1 → 6 of 7, 4 of 5.
A5: flat_modal_share | B5: 0.9 | C5: #20: a block is flat when this share of its rows carry one answer, whatever the mode.
A6: stance_identical_min | B6: 28 | C6: #20: stance-identical flag when at least this many of the 30 Future stems match across the Me / Team blocks.

Sheet Responses
A1: Respondent ID | B1: Start time | C1: Completion time | D1: Respondent name | E1: Respondent email address | F1: GitHub Copilot | G1: Copilot Studio | H1: Microsoft 365 Copilot | I1: Azure AI Foundry | J1: Another AI tool not on this list | K1: How often do you use an AI tool in your development work? | L1: How often do you get a usable result from an AI tool within a try or two? | M1: How often do you let an AI tool edit files or run commands in your project? | N1: How often do you read AI-written code line by line before you use it? | O1: How often do you tell people a change was mostly written by AI? | P1: How often do you use AI on work that ends up in production? | Q1: How often do you hand AI a whole task and come back to a finished change? | R1: How often do you deliberately give an AI tool context — pointing it at the right files, rules, or docs? | S1: How often do you approve an agent's steps as it goes, rather than letting it run on? | T1: Today: Requirements & ideation | U1: Today: Architecture & design | V1: Today: Writing production code | W1: Today: Writing tests | X1: Today: Code review | Y1: Today: Debugging | Z1: Today: Documentation | AA1: Today: Refactoring & legacy migration | AB1: Today: CI/CD & build configuration | AC1: Today: Infrastructure-as-code | AD1: Today: Incident response & on-call | AE1: Today: Monitoring & alerting | AF1: Today: SQL & data migrations | AG1: Today: Security review & threat modeling | AH1: Today: Dependency upgrades | AI1: Today: Estimates & planning | AJ1: Today: Stakeholder comms & PR descriptions | AK1: Today: Learning new tech | AL1: Today: Meeting notes & summaries | AM1: I expect code an AI writes for me to be correct. | AN1: I worry that leaning on AI will erode my own skills. | AO1: AI-assisted work needs more review and testing than work someone wrote by hand. | AP1: Code I ship should be something I could walk someone else through. | AQ1: I'd rather work through something myself than hand any of it to AI. | AR1: AI-written code could introduce security problems we wouldn't catch. | AS1: People should say when a change was mostly written by AI. | AT1: When an AI tool doesn't give me what I need, I'm not sure what to change. | AU1: Using AI-generated code could create licensing or IP problems for us. | AV1: When a deadline is tight, tests and review are the first things I drop. | AW1: There should be parts of our work where AI isn't used at all. | AX1: Code we write with AI will be just as maintainable as anything else we write. | AY1: I trust AI's output about as much as I'd trust a colleague's. | AZ1: Whatever we agree about AI use should be enforced by our tooling, not left to judgement. | BA1: I expect AI to change what my job is within a few years. | BB1: I'd hold up my own change to fix something only I would notice. | BC1: Our current process already covers AI-assisted work; it needs nothing extra. | BD1: Which of these, if any, do you accept today instead of reading AI's output yourself? | BE1: I would use AI in most development work. | BF1: I would treat AI output as correct by default, checking only when something looks off. | BG1: I would treat skill erosion as a real risk to watch for. | BH1: I would give AI-assisted work more review and testing than hand-written work. | BI1: I would let AI tools edit files and run commands directly. | BJ1: I would ship only code someone could walk another person through. | BK1: I would be able to get what's needed out of an AI tool in a try or two. | BL1: I would merge AI-written code I had not read line by line, as long as the tests pass. | BM1: I would use AI on work that ends up in production. | BN1: I would treat security problems in AI-written code as a live risk to guard against. | BO1: I would say when a change was mostly written by AI. | BP1: I would approve an agent's steps as it goes rather than letting it run on. | BQ1: I would read AI-written code line by line before it is used. | BR1: I would let speed win over polish more often than it does today. | BS1: I would be happy working with no AI tooling at all, the way I worked before it existed. | BT1: I would routinely give AI tools proper context — the right files, rules and docs. | BU1: I would treat licensing and IP exposure from AI-generated code as a live risk. | BV1: I would keep parts of our work where AI isn't used at all. | BW1: I would hand AI a whole task and come back to a finished change. | BX1: I would hold up a change to fix something only its author would notice. | BY1: I would trust AI's output about as much as a colleague's. | BZ1: I would keep doing things by hand rather than hand them to AI. | CA1: I would let an agent work unsupervised for an hour and only look at the final result. | CB1: I would be relaxed about how maintainable AI-written code is. | CC1: I would have whatever we agree about AI enforced by our tooling rather than left to judgement. | CD1: I would use AI tools as they come out of the box, without configuring or tuning them. | CE1: I would expect to be able to explain every line of code that ships under my name. | CF1: I would plan for AI changing what our jobs are. | CG1: I would need nothing beyond our current process for AI-assisted work. | CH1: I would slow down how fast I adopt AI, because the risks outweigh what I'd gain. | CI1: Me in 6 months: Requirements & ideation | CJ1: Me in 6 months: Architecture & design | CK1: Me in 6 months: Writing production code | CL1: Me in 6 months: Writing tests | CM1: Me in 6 months: Code review | CN1: Me in 6 months: Debugging | CO1: Me in 6 months: Documentation | CP1: Me in 6 months: Refactoring & legacy migration | CQ1: Me in 6 months: CI/CD & build configuration | CR1: Me in 6 months: Infrastructure-as-code | CS1: Me in 6 months: Incident response & on-call | CT1: Me in 6 months: Monitoring & alerting | CU1: Me in 6 months: SQL & data migrations | CV1: Me in 6 months: Security review & threat modeling | CW1: Me in 6 months: Dependency upgrades | CX1: Me in 6 months: Estimates & planning | CY1: Me in 6 months: Stakeholder comms & PR descriptions | CZ1: Me in 6 months: Learning new tech | DA1: Me in 6 months: Meeting notes & summaries | DB1: In six months, which of these would you accept instead of reading AI's output yourself? | DC1: The team should use AI in most development work. | DD1: The team should treat AI output as correct by default, checking only when something looks off. | DE1: The team should treat skill erosion as a real risk to watch for. | DF1: The team should give AI-assisted work more review and testing than hand-written work. | DG1: The team should let AI tools edit files and run commands directly. | DH1: The team should ship only code someone could walk another person through. | DI1: The team should be able to get what's needed out of an AI tool in a try or two. | DJ1: The team should merge AI-written code nobody has read line by line, as long as the tests pass. | DK1: The team should use AI on work that ends up in production. | DL1: The team should treat security problems in AI-written code as a live risk to guard against. | DM1: The team should say when a change was mostly written by AI. | DN1: The team should approve an agent's steps as it goes rather than letting it run on. | DO1: The team should read AI-written code line by line before it is used. | DP1: The team should let speed win over polish more often than it does today. | DQ1: The team should be fine going back to no AI tooling at all. | DR1: The team should routinely give AI tools proper context — the right files, rules and docs. | DS1: The team should treat licensing and IP exposure from AI-generated code as a live risk. | DT1: The team should keep parts of our work where AI isn't used at all. | DU1: The team should hand AI a whole task and come back to a finished change. | DV1: The team should hold up a change to fix something only its author would notice. | DW1: The team should trust AI's output about as much as a colleague's. | DX1: The team should keep doing things by hand rather than hand them to AI. | DY1: The team should let agents work unsupervised for an hour and only review the final result. | DZ1: The team should be relaxed about how maintainable AI-written code is. | EA1: The team should have whatever we agree about AI enforced by our tooling rather than left to judgement. | EB1: The team should use AI tools as they come out of the box, without configuring or tuning them. | EC1: The team should expect everyone to be able to explain every line that ships under their name. | ED1: The team should plan for AI changing what our jobs are. | EE1: The team should need nothing beyond our current process for AI-assisted work. | EF1: The team should slow down how fast we adopt AI, because the risks outweigh what we'd gain. | EG1: Team in 6 months: Requirements & ideation | EH1: Team in 6 months: Architecture & design | EI1: Team in 6 months: Writing production code | EJ1: Team in 6 months: Writing tests | EK1: Team in 6 months: Code review | EL1: Team in 6 months: Debugging | EM1: Team in 6 months: Documentation | EN1: Team in 6 months: Refactoring & legacy migration | EO1: Team in 6 months: CI/CD & build configuration | EP1: Team in 6 months: Infrastructure-as-code | EQ1: Team in 6 months: Incident response & on-call | ER1: Team in 6 months: Monitoring & alerting | ES1: Team in 6 months: SQL & data migrations | ET1: Team in 6 months: Security review & threat modeling | EU1: Team in 6 months: Dependency upgrades | EV1: Team in 6 months: Estimates & planning | EW1: Team in 6 months: Stakeholder comms & PR descriptions | EX1: Team in 6 months: Learning new tech | EY1: Team in 6 months: Meeting notes & summaries | EZ1: In six months, which of these should the team accept as enough, without an individual reading the output? | FA1: Which of these would you want to know more about?
A2: 1 | B2: 46279.375 | C2: 46279.4 | D2: Maya Okafor | E2: maya.okafor@example.com | F2: 4 – Use it regularly | G2: 2 – Tried it, not using it now | H2: 3 – Use it occasionally | I2: 4 – Use it regularly | J2: 4 – Use it regularly | K2: 5 – Always | L2: 5 – Always | M2: 4 – Often | N2: 2 – Rarely | O2: 2 – Rarely | P2: 5 – Always | Q2: 4 – Often | R2: 5 – Always | S2: 2 – Rarely | T2: 5 – Doer, spot-checked: AI does it, I spot-check | U2: 5 – Doer, spot-checked: AI does it, I spot-check | V2: 4 – Doer, reviewed: AI does it, I review the result | W2: 4 – Doer, reviewed: AI does it, I review the result | X2: 5 – Doer, spot-checked: AI does it, I spot-check | Y2: 4 – Doer, reviewed: AI does it, I review the result | Z2: 4 – Doer, reviewed: AI does it, I review the result | AA2: 4 – Doer, reviewed: AI does it, I review the result | AB2: 3 – Drafter: AI drafts, I rework every line | AC2: 3 – Drafter: AI drafts, I rework every line | AD2: 3 – Drafter: AI drafts, I rework every line | AE2: 3 – Drafter: AI drafts, I rework every line | AF2: 4 – Doer, reviewed: AI does it, I review the result | AG2: 4 – Doer, reviewed: AI does it, I review the result | AH2: 3 – Drafter: AI drafts, I rework every line | AI2: 5 – Doer, spot-checked: AI does it, I spot-check | AJ2: 5 – Doer, spot-checked: AI does it, I spot-check | AK2: 5 – Doer, spot-checked: AI does it, I spot-check | AL2: 5 – Doer, spot-checked: AI does it, I spot-check | AM2: 4 – Mostly | AN2: 1 – Not at all | AO2: 2 – Slightly | AP2: 3 – Moderately | AQ2: 1 – Not at all | AR2: 1 – Not at all | AS2: 2 – Slightly | AT2: 2 – Slightly | AU2: 1 – Not at all | AV2: 3 – Moderately | AW2: 2 – Slightly | AX2: 5 – Completely | AY2: 4 – Mostly | AZ2: 1 – Not at all | BA2: 1 – Not at all | BB2: 3 – Moderately | BC2: 4 – Mostly | BD2: The test suite passes; It's easy to roll back if it's wrong; An automated security or lint scan covers it | BE2: 4 – Probably | BF2: 5 – Definitely | BG2: 2 – Probably not | BH2: 1 – Definitely not | BI2: 5 – Definitely | BJ2: 3 – Unsure | BK2: 4 – Probably | BL2: 5 – Definitely | BM2: 4 – Probably | BN2: 3 – Unsure | BO2: 2 – Probably not | BP2: 1 – Definitely not | BQ2: 1 – Definitely not | BR2: 3 – Unsure | BS2: 1 – Definitely not | BT2: 5 – Definitely | BU2: 2 – Probably not | BV2: 2 – Probably not | BW2: 4 – Probably | BX2: 3 – Unsure | BY2: 4 – Probably | BZ2: 1 – Definitely not | CA2: 5 – Definitely | CB2: 5 – Definitely | CC2: 2 – Probably not | CD2: 2 – Probably not | CE2: 2 – Probably not | CF2: 2 – Probably not | CG2: 5 – Definitely | CH2: 1 – Definitely not | CI2: 6 – System-verified: AI does it, checks catch errors | CJ2: 6 – System-verified: AI does it, checks catch errors | CK2: 5 – Doer, spot-checked: AI does it, I spot-check | CL2: 6 – System-verified: AI does it, checks catch errors | CM2: 6 – System-verified: AI does it, checks catch errors | CN2: 5 – Doer, spot-checked: AI does it, I spot-check | CO2: 5 – Doer, spot-checked: AI does it, I spot-check | CP2: 5 – Doer, spot-checked: AI does it, I spot-check | CQ2: 4 – Doer, reviewed: AI does it, I review the result | CR2: 4 – Doer, reviewed: AI does it, I review the result | CS2: 5 – Doer, spot-checked: AI does it, I spot-check | CT2: 4 – Doer, reviewed: AI does it, I review the result | CU2: 6 – System-verified: AI does it, checks catch errors | CV2: 5 – Doer, spot-checked: AI does it, I spot-check | CW2: 4 – Doer, reviewed: AI does it, I review the result | CX2: 6 – System-verified: AI does it, checks catch errors | CY2: 6 – System-verified: AI does it, checks catch errors | CZ2: 6 – System-verified: AI does it, checks catch errors | DA2: 6 – System-verified: AI does it, checks catch errors | DB2: The test suite passes; It's easy to roll back if it's wrong; A type check or schema validation covers it; An automated security or lint scan covers it | DC2: 4 – Probably | DD2: 4 – Probably | DE2: 2 – Probably not | DF2: 3 – Unsure | DG2: 4 – Probably | DH2: 3 – Unsure | DI2: 5 – Definitely | DJ2: 4 – Probably | DK2: 4 – Probably | DL2: 2 – Probably not | DM2: 2 – Probably not | DN2: 2 – Probably not | DO2: 2 – Probably not | DP2: 2 – Probably not | DQ2: 1 – Definitely not | DR2: 4 – Probably | DS2: 3 – Unsure | DT2: 3 – Unsure | DU2: 4 – Probably | DV2: 3 – Unsure | DW2: 3 – Unsure | DX2: 1 – Definitely not | DY2: 5 – Definitely | DZ2: 3 – Unsure | EA2: 2 – Probably not | EB2: 2 – Probably not | EC2: 2 – Probably not | ED2: 2 – Probably not | EE2: 4 – Probably | EF2: 1 – Definitely not | EG2: 6 – System-verified: AI does it, checks catch errors | EH2: 6 – System-verified: AI does it, checks catch errors | EI2: 5 – Doer, spot-checked: AI does it, I spot-check | EJ2: 6 – System-verified: AI does it, checks catch errors | EK2: 6 – System-verified: AI does it, checks catch errors | EL2: 5 – Doer, spot-checked: AI does it, I spot-check | EM2: 5 – Doer, spot-checked: AI does it, I spot-check | EN2: 5 – Doer, spot-checked: AI does it, I spot-check | EO2: 4 – Doer, reviewed: AI does it, I review the result | EP2: 4 – Doer, reviewed: AI does it, I review the result | EQ2: 4 – Doer, reviewed: AI does it, I review the result | ER2: 4 – Doer, reviewed: AI does it, I review the result | ES2: 5 – Doer, spot-checked: AI does it, I spot-check | ET2: 4 – Doer, reviewed: AI does it, I review the result | EU2: 4 – Doer, reviewed: AI does it, I review the result | EV2: 6 – System-verified: AI does it, checks catch errors | EW2: 6 – System-verified: AI does it, checks catch errors | EX2: 6 – System-verified: AI does it, checks catch errors | EY2: 6 – System-verified: AI does it, checks catch errors | EZ2: The test suite passes; It's easy to roll back if it's wrong; An automated security or lint scan covers it | FA2: A type check or schema validation covers it; The blast radius is small (docs, internal tooling, non-production)
A3: 2 | B3: 46279.375 | C3: 46279.4 | D3: Tom Lindqvist | E3: tom.lindqvist@example.com | F3: 2 – Tried it, not using it now | G3: 2 – Tried it, not using it now | H3: 1 – Never used | I3: 1 – Never used | J3: 1 – Never used | K3: 2 – Rarely | L3: 2 – Rarely | M3: 2 – Rarely | N3: 5 – Always | O3: 4 – Often | P3: 2 – Rarely | Q3: 1 – Never | R3: 3 – Sometimes | S3: 5 – Always | T3: 2 – Advisor: AI explains, I do the work | U3: 1 – None: no AI | V3: 2 – Advisor: AI explains, I do the work | W3: 2 – Advisor: AI explains, I do the work | X3: 2 – Advisor: AI explains, I do the work | Y3: 2 – Advisor: AI explains, I do the work | Z3: 3 – Drafter: AI drafts, I rework every line | AA3: 1 – None: no AI | AB3: 1 – None: no AI | AC3: N/A – I don't do this work | AD3: N/A – I don't do this work | AE3: 2 – Advisor: AI explains, I do the work | AF3: 1 – None: no AI | AG3: 2 – Advisor: AI explains, I do the work | AH3: 3 – Drafter: AI drafts, I rework every line | AI3: 2 – Advisor: AI explains, I do the work | AJ3: 2 – Advisor: AI explains, I do the work | AK3: 3 – Drafter: AI drafts, I rework every line | AL3: 2 – Advisor: AI explains, I do the work | AM3: 1 – Not at all | AN3: 4 – Mostly | AO3: 5 – Completely | AP3: 5 – Completely | AQ3: 3 – Moderately | AR3: 5 – Completely | AS3: 4 – Mostly | AT3: 4 – Mostly | AU3: 4 – Mostly | AV3: 1 – Not at all | AW3: 4 – Mostly | AX3: 2 – Slightly | AY3: 2 – Slightly | AZ3: 4 – Mostly | BA3: 5 – Completely | BB3: 5 – Completely | BC3: 2 – Slightly | BD3: I'd read it myself — nothing on this list changes that | BE3: 2 – Probably not | BF3: 2 – Probably not | BG3: 5 – Definitely | BH3: 4 – Probably | BI3: 1 – Definitely not | BJ3: 5 – Definitely | BK3: 3 – Unsure | BL3: 1 – Definitely not | BM3: 2 – Probably not | BN3: 5 – Definitely | BO3: 5 – Definitely | BP3: 4 – Probably | BQ3: 5 – Definitely | BR3: 1 – Definitely not | BS3: 4 – Probably | BT3: 3 – Unsure | BU3: 4 – Probably | BV3: 5 – Definitely | BW3: 2 – Probably not | BX3: 4 – Probably | BY3: 1 – Definitely not | BZ3: 4 – Probably | CA3: 1 – Definitely not | CB3: 2 – Probably not | CC3: 5 – Definitely | CD3: 2 – Probably not | CE3: 5 – Definitely | CF3: 5 – Definitely | CG3: 2 – Probably not | CH3: 4 – Probably | CI3: 2 – Advisor: AI explains, I do the work | CJ3: 1 – None: no AI | CK3: 2 – Advisor: AI explains, I do the work | CL3: 2 – Advisor: AI explains, I do the work | CM3: 2 – Advisor: AI explains, I do the work | CN3: 2 – Advisor: AI explains, I do the work | CO3: 3 – Drafter: AI drafts, I rework every line | CP3: 1 – None: no AI | CQ3: 1 – None: no AI | CR3: N/A – I don't do this work | CS3: N/A – I don't do this work | CT3: 2 – Advisor: AI explains, I do the work | CU3: 2 – Advisor: AI explains, I do the work | CV3: 2 – Advisor: AI explains, I do the work | CW3: 4 – Doer, reviewed: AI does it, I review the result | CX3: 2 – Advisor: AI explains, I do the work | CY3: 3 – Drafter: AI drafts, I rework every line | CZ3: 3 – Drafter: AI drafts, I rework every line | DA3: 2 – Advisor: AI explains, I do the work | DB3: I'd read it myself — nothing on this list changes that | DC3: 2 – Probably not | DD3: 2 – Probably not | DE3: 4 – Probably | DF3: 5 – Definitely | DG3: 3 – Unsure | DH3: 4 – Probably | DI3: 3 – Unsure | DJ3: 1 – Definitely not | DK3: 3 – Unsure | DL3: 4 – Probably | DM3: 4 – Probably | DN3: 4 – Probably | DO3: 4 – Probably | DP3: 1 – Definitely not | DQ3: 2 – Probably not | DR3: 3 – Unsure | DS3: 4 – Probably | DT3: 4 – Probably | DU3: 2 – Probably not | DV3: 5 – Definitely | DW3: 2 – Probably not | DX3: 3 – Unsure | DY3: 1 – Definitely not | DZ3: 1 – Definitely not | EA3: 5 – Definitely | EB3: 2 – Probably not | EC3: 5 – Definitely | ED3: 4 – Probably | EE3: 1 – Definitely not | EF3: 4 – Probably | EG3: 2 – Advisor: AI explains, I do the work | EH3: 1 – None: no AI | EI3: 2 – Advisor: AI explains, I do the work | EJ3: 2 – Advisor: AI explains, I do the work | EK3: 2 – Advisor: AI explains, I do the work | EL3: 3 – Drafter: AI drafts, I rework every line | EM3: 3 – Drafter: AI drafts, I rework every line | EN3: 1 – None: no AI | EO3: 1 – None: no AI | EP3: N/A – I don't do this work | EQ3: N/A – I don't do this work | ER3: 2 – Advisor: AI explains, I do the work | ES3: 1 – None: no AI | ET3: 3 – Drafter: AI drafts, I rework every line | EU3: 3 – Drafter: AI drafts, I rework every line | EV3: 3 – Drafter: AI drafts, I rework every line | EW3: 2 – Advisor: AI explains, I do the work | EX3: 3 – Drafter: AI drafts, I rework every line | EY3: 3 – Drafter: AI drafts, I rework every line | EZ3: I'd read it myself — nothing on this list changes that | FA3: A type check or schema validation covers it
A4: 3 | B4: 46280.375 | C4: 46280.4 | D4: Priya Raman | E4: priya.raman@example.com | F4: 4 – Use it regularly | G4: 1 – Never used | H4: 3 – Use it occasionally | I4: 4 – Use it regularly | J4: 2 – Tried it, not using it now | K4: 4 – Often | L4: 5 – Always | M4: 4 – Often | N4: 2 – Rarely | O4: 2 – Rarely | P4: 4 – Often | Q4: 3 – Sometimes | R4: 5 – Always | S4: 3 – Sometimes | T4: 4 – Doer, reviewed: AI does it, I review the result | U4: 4 – Doer, reviewed: AI does it, I review the result | V4: 4 – Doer, reviewed: AI does it, I review the result | W4: 4 – Doer, reviewed: AI does it, I review the result | X4: 4 – Doer, reviewed: AI does it, I review the result | Y4: 4 – Doer, reviewed: AI does it, I review the result | Z4: 4 – Doer, reviewed: AI does it, I review the result | AA4: 5 – Doer, spot-checked: AI does it, I spot-check | AB4: 2 – Advisor: AI explains, I do the work | AC4: 2 – Advisor: AI explains, I do the work | AD4: 2 – Advisor: AI explains, I do the work | AE4: N/A – I don't do this work | AF4: 3 – Drafter: AI drafts, I rework every line | AG4: 4 – Doer, reviewed: AI does it, I review the result | AH4: 3 – Drafter: AI drafts, I rework every line | AI4: 5 – Doer, spot-checked: AI does it, I spot-check | AJ4: 4 – Doer, reviewed: AI does it, I review the result | AK4: 4 – Doer, reviewed: AI does it, I review the result | AL4: 4 – Doer, reviewed: AI does it, I review the result | AM4: 3 – Moderately | AN4: 3 – Moderately | AO4: 2 – Slightly | AP4: 4 – Mostly | AQ4: 2 – Slightly | AR4: 2 – Slightly | AS4: 3 – Moderately | AT4: 2 – Slightly | AU4: 2 – Slightly | AV4: 3 – Moderately | AW4: 2 – Slightly | AX4: 3 – Moderately | AY4: 3 – Moderately | AZ4: 3 – Moderately | BA4: 2 – Slightly | BB4: 4 – Mostly | BC4: 3 – Moderately | BD4: The test suite passes; The blast radius is small (docs, internal tooling, non-production) | BE4: 5 – Definitely | BF4: 4 – Probably | BG4: 3 – Unsure | BH4: 2 – Probably not | BI4: 5 – Definitely | BJ4: 3 – Unsure | BK4: 5 – Definitely | BL4: 4 – Probably | BM4: 4 – Probably | BN4: 2 – Probably not | BO4: 2 – Probably not | BP4: 1 – Definitely not | BQ4: 1 – Definitely not | BR4: 3 – Unsure | BS4: 1 – Definitely not | BT4: 4 – Probably | BU4: 2 – Probably not | BV4: 2 – Probably not | BW4: 5 – Definitely | BX4: 3 – Unsure | BY4: 4 – Probably | BZ4: 1 – Definitely not | CA4: 5 – Definitely | CB4: 4 – Probably | CC4: 3 – Unsure | CD4: 1 – Definitely not | CE4: 3 – Unsure | CF4: 3 – Unsure | CG4: 4 – Probably | CH4: 1 – Definitely not | CI4: 6 – System-verified: AI does it, checks catch errors | CJ4: 5 – Doer, spot-checked: AI does it, I spot-check | CK4: 5 – Doer, spot-checked: AI does it, I spot-check | CL4: 6 – System-verified: AI does it, checks catch errors | CM4: 5 – Doer, spot-checked: AI does it, I spot-check | CN4: 5 – Doer, spot-checked: AI does it, I spot-check | CO4: 5 – Doer, spot-checked: AI does it, I spot-check | CP4: 6 – System-verified: AI does it, checks catch errors | CQ4: 4 – Doer, reviewed: AI does it, I review the result | CR4: 3 – Drafter: AI drafts, I rework every line | CS4: 3 – Drafter: AI drafts, I rework every line | CT4: N/A – I don't do this work | CU4: 4 – Doer, reviewed: AI does it, I review the result | CV4: 5 – Doer, spot-checked: AI does it, I spot-check | CW4: 4 – Doer, reviewed: AI does it, I review the result | CX4: 6 – System-verified: AI does it, checks catch errors | CY4: 5 – Doer, spot-checked: AI does it, I spot-check | CZ4: 5 – Doer, spot-checked: AI does it, I spot-check | DA4: 5 – Doer, spot-checked: AI does it, I spot-check | DB4: The test suite passes; It's easy to roll back if it's wrong; The blast radius is small (docs, internal tooling, non-production); An automated security or lint scan covers it | DC4: 4 – Probably | DD4: 3 – Unsure | DE4: 3 – Unsure | DF4: 3 – Unsure | DG4: 4 – Probably | DH4: 4 – Probably | DI4: 4 – Probably | DJ4: 2 – Probably not | DK4: 4 – Probably | DL4: 3 – Unsure | DM4: 3 – Unsure | DN4: 4 – Probably | DO4: 2 – Probably not | DP4: 2 – Probably not | DQ4: 1 – Definitely not | DR4: 3 – Unsure | DS4: 2 – Probably not | DT4: 3 – Unsure | DU4: 3 – Unsure | DV4: 3 – Unsure | DW4: 3 – Unsure | DX4: 2 – Probably not | DY4: 2 – Probably not | DZ4: 3 – Unsure | EA4: 4 – Probably | EB4: 1 – Definitely not | EC4: 3 – Unsure | ED4: 3 – Unsure | EE4: 3 – Unsure | EF4: 2 – Probably not | EG4: 4 – Doer, reviewed: AI does it, I review the result | EH4: 4 – Doer, reviewed: AI does it, I review the result | EI4: 4 – Doer, reviewed: AI does it, I review the result | EJ4: 4 – Doer, reviewed: AI does it, I review the result | EK4: 4 – Doer, reviewed: AI does it, I review the result | EL4: 4 – Doer, reviewed: AI does it, I review the result | EM4: 4 – Doer, reviewed: AI does it, I review the result | EN4: 6 – System-verified: AI does it, checks catch errors | EO4: 2 – Advisor: AI explains, I do the work | EP4: 2 – Advisor: AI explains, I do the work | EQ4: 3 – Drafter: AI drafts, I rework every line | ER4: N/A – I don't do this work | ES4: 3 – Drafter: AI drafts, I rework every line | ET4: 5 – Doer, spot-checked: AI does it, I spot-check | EU4: 4 – Doer, reviewed: AI does it, I review the result | EV4: 5 – Doer, spot-checked: AI does it, I spot-check | EW4: 4 – Doer, reviewed: AI does it, I review the result | EX4: 4 – Doer, reviewed: AI does it, I review the result | EY4: 4 – Doer, reviewed: AI does it, I review the result | EZ4: The test suite passes; The blast radius is small (docs, internal tooling, non-production) | FA4: A type check or schema validation covers it
A5: 4 | B5: 46280.375 | C5: 46280.4 | D5: Daniel Cho | E5: daniel.cho@example.com | F5: 4 – Use it regularly | G5: 2 – Tried it, not using it now | H5: 3 – Use it occasionally | I5: 1 – Never used | J5: 1 – Never used | K5: 3 – Sometimes | L5: 2 – Rarely | M5: 2 – Rarely | N5: 3 – Sometimes | O5: 3 – Sometimes | P5: 3 – Sometimes | Q5: 3 – Sometimes | R5: 2 – Rarely | S5: 3 – Sometimes | T5: 3 – Drafter: AI drafts, I rework every line | U5: 3 – Drafter: AI drafts, I rework every line | V5: 4 – Doer, reviewed: AI does it, I review the result | W5: 4 – Doer, reviewed: AI does it, I review the result | X5: 3 – Drafter: AI drafts, I rework every line | Y5: 3 – Drafter: AI drafts, I rework every line | Z5: 3 – Drafter: AI drafts, I rework every line | AA5: 3 – Drafter: AI drafts, I rework every line | AB5: 2 – Advisor: AI explains, I do the work | AC5: 2 – Advisor: AI explains, I do the work | AD5: N/A – I don't do this work | AE5: 2 – Advisor: AI explains, I do the work | AF5: 3 – Drafter: AI drafts, I rework every line | AG5: N/A – I don't do this work | AH5: 2 – Advisor: AI explains, I do the work | AI5: 3 – Drafter: AI drafts, I rework every line | AJ5: 3 – Drafter: AI drafts, I rework every line | AK5: 2 – Advisor: AI explains, I do the work | AL5: 2 – Advisor: AI explains, I do the work | AM5: 2 – Slightly | AN5: 3 – Moderately | AO5: 4 – Mostly | AP5: 4 – Mostly | AQ5: 3 – Moderately | AR5: 3 – Moderately | AS5: 3 – Moderately | AT5: 3 – Moderately | AU5: 3 – Moderately | AV5: 2 – Slightly | AW5: 3 – Moderately | AX5: 3 – Moderately | AY5: 3 – Moderately | AZ5: 3 – Moderately | BA5: 3 – Moderately | BB5: 4 – Mostly | BC5: 2 – Slightly | BD5: Another person reviews it | BE5: 3 – Unsure | BF5: 3 – Unsure | BG5: 3 – Unsure | BH5: 4 – Probably | BI5: 2 – Probably not | BJ5: 4 – Probably | BK5: 3 – Unsure | BL5: 2 – Probably not | BM5: 3 – Unsure | BN5: 3 – Unsure | BO5: 4 – Probably | BP5: 4 – Probably | BQ5: 2 – Probably not | BR5: 2 – Probably not | BS5: 2 – Probably not | BT5: 3 – Unsure | BU5: 3 – Unsure | BV5: 4 – Probably | BW5: 3 – Unsure | BX5: 4 – Probably | BY5: 4 – Probably | BZ5: 3 – Unsure | CA5: 2 – Probably not | CB5: 3 – Unsure | CC5: 3 – Unsure | CD5: 2 – Probably not | CE5: 4 – Probably | CF5: 3 – Unsure | CG5: 2 – Probably not | CH5: 2 – Probably not | CI5: 4 – Doer, reviewed: AI does it, I review the result | CJ5: 4 – Doer, reviewed: AI does it, I review the result | CK5: 4 – Doer, reviewed: AI does it, I review the result | CL5: 5 – Doer, spot-checked: AI does it, I spot-check | CM5: 3 – Drafter: AI drafts, I rework every line | CN5: 3 – Drafter: AI drafts, I rework every line | CO5: 4 – Doer, reviewed: AI does it, I review the result | CP5: 3 – Drafter: AI drafts, I rework every line | CQ5: 2 – Advisor: AI explains, I do the work | CR5: 2 – Advisor: AI explains, I do the work | CS5: N/A – I don't do this work | CT5: 2 – Advisor: AI explains, I do the work | CU5: 3 – Drafter: AI drafts, I rework every line | CV5: N/A – I don't do this work | CW5: 2 – Advisor: AI explains, I do the work | CX5: 3 – Drafter: AI drafts, I rework every line | CY5: 4 – Doer, reviewed: AI does it, I review the result | CZ5: 3 – Drafter: AI drafts, I rework every line | DA5: 2 – Advisor: AI explains, I do the work | DB5: Another person reviews it; The test suite passes | DC5: 5 – Definitely | DD5: 3 – Unsure | DE5: 3 – Unsure | DF5: 3 – Unsure | DG5: 3 – Unsure | DH5: 4 – Probably | DI5: 4 – Probably | DJ5: 4 – Probably | DK5: 4 – Probably | DL5: 3 – Unsure | DM5: 3 – Unsure | DN5: 3 – Unsure | DO5: 2 – Probably not | DP5: 3 – Unsure | DQ5: 2 – Probably not | DR5: 4 – Probably | DS5: 3 – Unsure | DT5: 3 – Unsure | DU5: 4 – Probably | DV5: 4 – Probably | DW5: 3 – Unsure | DX5: 1 – Definitely not | DY5: 4 – Probably | DZ5: 3 – Unsure | EA5: 3 – Unsure | EB5: 1 – Definitely not | EC5: 3 – Unsure | ED5: 3 – Unsure | EE5: 3 – Unsure | EF5: 2 – Probably not | EG5: 4 – Doer, reviewed: AI does it, I review the result | EH5: 4 – Doer, reviewed: AI does it, I review the result | EI5: 5 – Doer, spot-checked: AI does it, I spot-check | EJ5: 6 – System-verified: AI does it, checks catch errors | EK5: 4 – Doer, reviewed: AI does it, I review the result | EL5: 4 – Doer, reviewed: AI does it, I review the result | EM5: 4 – Doer, reviewed: AI does it, I review the result | EN5: 5 – Doer, spot-checked: AI does it, I spot-check | EO5: 3 – Drafter: AI drafts, I rework every line | EP5: 3 – Drafter: AI drafts, I rework every line | EQ5: N/A – I don't do this work | ER5: 3 – Drafter: AI drafts, I rework every line | ES5: 4 – Doer, reviewed: AI does it, I review the result | ET5: N/A – I don't do this work | EU5: 3 – Drafter: AI drafts, I rework every line | EV5: 5 – Doer, spot-checked: AI does it, I spot-check | EW5: 4 – Doer, reviewed: AI does it, I review the result | EX5: 3 – Drafter: AI drafts, I rework every line | EY5: 3 – Drafter: AI drafts, I rework every line | EZ5: Another person reviews it; The test suite passes; An automated security or lint scan covers it | FA5: It's easy to roll back if it's wrong; A type check or schema validation covers it
A6: 5 | B6: 46281.375 | C6: 46281.4 | D6: Sofia Marchetti | E6: sofia.marchetti@example.com | F6: 3 – Use it occasionally | G6: 1 – Never used | H6: 4 – Use it regularly | I6: 2 – Tried it, not using it now | J6: 1 – Never used | K6: 3 – Sometimes | L6: 2 – Rarely | M6: 2 – Rarely | N6: 3 – Sometimes | O6: 3 – Sometimes | P6: 2 – Rarely | Q6: 2 – Rarely | R6: 3 – Sometimes | S6: 4 – Often | T6: 4 – Doer, reviewed: AI does it, I review the result | U6: 3 – Drafter: AI drafts, I rework every line | V6: 3 – Drafter: AI drafts, I rework every line | W6: 2 – Advisor: AI explains, I do the work | X6: 2 – Advisor: AI explains, I do the work | Y6: 3 – Drafter: AI drafts, I rework every line | Z6: 3 – Drafter: AI drafts, I rework every line | AA6: 3 – Drafter: AI drafts, I rework every line | AB6: 3 – Drafter: AI drafts, I rework every line | AC6: N/A – I don't do this work | AD6: 3 – Drafter: AI drafts, I rework every line | AE6: 3 – Drafter: AI drafts, I rework every line | AF6: 2 – Advisor: AI explains, I do the work | AG6: N/A – I don't do this work | AH6: 2 – Advisor: AI explains, I do the work | AI6: 3 – Drafter: AI drafts, I rework every line | AJ6: 3 – Drafter: AI drafts, I rework every line | AK6: 2 – Advisor: AI explains, I do the work | AL6: 3 – Drafter: AI drafts, I rework every line | AM6: 2 – Slightly | AN6: 3 – Moderately | AO6: 3 – Moderately | AP6: 3 – Moderately | AQ6: 4 – Mostly | AR6: 3 – Moderately | AS6: 3 – Moderately | AT6: 4 – Mostly | AU6: 4 – Mostly | AV6: 3 – Moderately | AW6: 3 – Moderately | AX6: 3 – Moderately | AY6: 2 – Slightly | AZ6: 4 – Mostly | BA6: 4 – Mostly | BB6: 4 – Mostly | BC6: 2 – Slightly | BD6: Another person reviews it | BE6: 4 – Probably | BF6: 4 – Probably | BG6: 2 – Probably not | BH6: 3 – Unsure | BI6: 4 – Probably | BJ6: 3 – Unsure | BK6: 4 – Probably | BL6: 3 – Unsure | BM6: 4 – Probably | BN6: 3 – Unsure | BO6: 3 – Unsure | BP6: 2 – Probably not | BQ6: 2 – Probably not | BR6: 3 – Unsure | BS6: 2 – Probably not | BT6: 4 – Probably | BU6: 3 – Unsure | BV6: 3 – Unsure | BW6: 4 – Probably | BX6: 3 – Unsure | BY6: 4 – Probably | BZ6: 2 – Probably not | CA6: 3 – Unsure | CB6: 3 – Unsure | CC6: 3 – Unsure | CD6: 1 – Definitely not | CE6: 3 – Unsure | CF6: 3 – Unsure | CG6: 3 – Unsure | CH6: 2 – Probably not | CI6: 6 – System-verified: AI does it, checks catch errors | CJ6: 5 – Doer, spot-checked: AI does it, I spot-check | CK6: 4 – Doer, reviewed: AI does it, I review the result | CL6: 3 – Drafter: AI drafts, I rework every line | CM6: 3 – Drafter: AI drafts, I rework every line | CN6: 4 – Doer, reviewed: AI does it, I review the result | CO6: 4 – Doer, reviewed: AI does it, I review the result | CP6: 4 – Doer, reviewed: AI does it, I review the result | CQ6: 4 – Doer, reviewed: AI does it, I review the result | CR6: N/A – I don't do this work | CS6: 4 – Doer, reviewed: AI does it, I review the result | CT6: 4 – Doer, reviewed: AI does it, I review the result | CU6: 3 – Drafter: AI drafts, I rework every line | CV6: 3 – Drafter: AI drafts, I rework every line | CW6: 3 – Drafter: AI drafts, I rework every line | CX6: 5 – Doer, spot-checked: AI does it, I spot-check | CY6: 4 – Doer, reviewed: AI does it, I review the result | CZ6: 3 – Drafter: AI drafts, I rework every line | DA6: 5 – Doer, spot-checked: AI does it, I spot-check | DB6: I'd read it myself — nothing on this list changes that; The test suite passes | DC6: 4 – Probably | DD6: 4 – Probably | DE6: 3 – Unsure | DF6: 3 – Unsure | DG6: 4 – Probably | DH6: 4 – Probably | DI6: 4 – Probably | DJ6: 3 – Unsure | DK6: 4 – Probably | DL6: 4 – Probably | DM6: 3 – Unsure | DN6: 2 – Probably not | DO6: 2 – Probably not | DP6: 2 – Probably not | DQ6: 1 – Definitely not | DR6: 4 – Probably | DS6: 3 – Unsure | DT6: 3 – Unsure | DU6: 4 – Probably | DV6: 4 – Probably | DW6: 3 – Unsure | DX6: 1 – Definitely not | DY6: 3 – Unsure | DZ6: 3 – Unsure | EA6: 3 – Unsure | EB6: 2 – Probably not | EC6: 3 – Unsure | ED6: 3 – Unsure | EE6: 3 – Unsure | EF6: 2 – Probably not | EG6: 5 – Doer, spot-checked: AI does it, I spot-check | EH6: 4 – Doer, reviewed: AI does it, I review the result | EI6: 4 – Doer, reviewed: AI does it, I review the result | EJ6: 3 – Drafter: AI drafts, I rework every line | EK6: 3 – Drafter: AI drafts, I rework every line | EL6: 4 – Doer, reviewed: AI does it, I review the result | EM6: 4 – Doer, reviewed: AI does it, I review the result | EN6: 5 – Doer, spot-checked: AI does it, I spot-check | EO6: 5 – Doer, spot-checked: AI does it, I spot-check | EP6: N/A – I don't do this work | EQ6: 4 – Doer, reviewed: AI does it, I review the result | ER6: 4 – Doer, reviewed: AI does it, I review the result | ES6: 4 – Doer, reviewed: AI does it, I review the result | ET6: 3 – Drafter: AI drafts, I rework every line | EU6: 4 – Doer, reviewed: AI does it, I review the result | EV6: 4 – Doer, reviewed: AI does it, I review the result | EW6: 4 – Doer, reviewed: AI does it, I review the result | EX6: 4 – Doer, reviewed: AI does it, I review the result | EY6: 5 – Doer, spot-checked: AI does it, I spot-check | EZ6: The test suite passes; It's easy to roll back if it's wrong | FA6: A type check or schema validation covers it; The blast radius is small (docs, internal tooling, non-production)
A7: 6 | B7: 46281.375 | C7: 46281.4 | D7: Liam O'Connor | E7: liam.o.connor@example.com | F7: 4 – Use it regularly | G7: 1 – Never used | H7: 2 – Tried it, not using it now | I7: 2 – Tried it, not using it now | J7: 4 – Use it regularly | K7: 4 – Often | L7: 4 – Often | M7: 4 – Often | N7: 3 – Sometimes | O7: 3 – Sometimes | P7: 4 – Often | Q7: 4 – Often | R7: 4 – Often | S7: 2 – Rarely | T7: N/A – I don't do this work | U7: 3 – Drafter: AI drafts, I rework every line | V7: 3 – Drafter: AI drafts, I rework every line | W7: 3 – Drafter: AI drafts, I rework every line | X7: 3 – Drafter: AI drafts, I rework every line | Y7: 3 – Drafter: AI drafts, I rework every line | Z7: 2 – Advisor: AI explains, I do the work | AA7: 3 – Drafter: AI drafts, I rework every line | AB7: 5 – Doer, spot-checked: AI does it, I spot-check | AC7: 4 – Doer, reviewed: AI does it, I review the result | AD7: 5 – Doer, spot-checked: AI does it, I spot-check | AE7: 6 – System-verified: AI does it, checks catch errors | AF7: 4 – Doer, reviewed: AI does it, I review the result | AG7: 3 – Drafter: AI drafts, I rework every line | AH7: 3 – Drafter: AI drafts, I rework every line | AI7: 3 – Drafter: AI drafts, I rework every line | AJ7: 3 – Drafter: AI drafts, I rework every line | AK7: 3 – Drafter: AI drafts, I rework every line | AL7: 3 – Drafter: AI drafts, I rework every line | AM7: 3 – Moderately | AN7: 3 – Moderately | AO7: 2 – Slightly | AP7: 4 – Mostly | AQ7: 2 – Slightly | AR7: 4 – Mostly | AS7: 4 – Mostly | AT7: 2 – Slightly | AU7: 3 – Moderately | AV7: 2 – Slightly | AW7: 2 – Slightly | AX7: 2 – Slightly | AY7: 3 – Moderately | AZ7: 4 – Mostly | BA7: 3 – Moderately | BB7: 5 – Completely | BC7: 3 – Moderately | BD7: The test suite passes; It's easy to roll back if it's wrong; An automated security or lint scan covers it | BE7: 4 – Probably | BF7: 3 – Unsure | BG7: 4 – Probably | BH7: 4 – Probably | BI7: 3 – Unsure | BJ7: 4 – Probably | BK7: 4 – Probably | BL7: 2 – Probably not | BM7: 4 – Probably | BN7: 3 – Unsure | BO7: 3 – Unsure | BP7: 3 – Unsure | BQ7: 3 – Unsure | BR7: 2 – Probably not | BS7: 3 – Unsure | BT7: 5 – Definitely | BU7: 4 – Probably | BV7: 3 – Unsure | BW7: 3 – Unsure | BX7: 4 – Probably | BY7: 2 – Probably not | BZ7: 2 – Probably not | CA7: 2 – Probably not | CB7: 3 – Unsure | CC7: 3 – Unsure | CD7: 2 – Probably not | CE7: 4 – Probably | CF7: 3 – Unsure | CG7: 2 – Probably not | CH7: 3 – Unsure | CI7: N/A – I don't do this work | CJ7: 3 – Drafter: AI drafts, I rework every line | CK7: 3 – Drafter: AI drafts, I rework every line | CL7: 3 – Drafter: AI drafts, I rework every line | CM7: 4 – Doer, reviewed: AI does it, I review the result | CN7: 3 – Drafter: AI drafts, I rework every line | CO7: 2 – Advisor: AI explains, I do the work | CP7: 3 – Drafter: AI drafts, I rework every line | CQ7: 5 – Doer, spot-checked: AI does it, I spot-check | CR7: 4 – Doer, reviewed: AI does it, I review the result | CS7: 4 – Doer, reviewed: AI does it, I review the result | CT7: 6 – System-verified: AI does it, checks catch errors | CU7: 4 – Doer, reviewed: AI does it, I review the result | CV7: 4 – Doer, reviewed: AI does it, I review the result | CW7: 3 – Drafter: AI drafts, I rework every line | CX7: 3 – Drafter: AI drafts, I rework every line | CY7: 3 – Drafter: AI drafts, I rework every line | CZ7: 3 – Drafter: AI drafts, I rework every line | DA7: N/A – I don't do this work | DB7: The test suite passes; It's easy to roll back if it's wrong | DC7: 4 – Probably | DD7: 3 – Unsure | DE7: 3 – Unsure | DF7: 4 – Probably | DG7: 3 – Unsure | DH7: 4 – Probably | DI7: 4 – Probably | DJ7: 2 – Probably not | DK7: 4 – Probably | DL7: 4 – Probably | DM7: 4 – Probably | DN7: 3 – Unsure | DO7: 4 – Probably | DP7: 1 – Definitely not | DQ7: 2 – Probably not | DR7: 4 – Probably | DS7: 4 – Probably | DT7: 4 – Probably | DU7: 3 – Unsure | DV7: 4 – Probably | DW7: 2 – Probably not | DX7: 2 – Probably not | DY7: 2 – Probably not | DZ7: 2 – Probably not | EA7: 4 – Probably | EB7: 2 – Probably not | EC7: 4 – Probably | ED7: 4 – Probably | EE7: 2 – Probably not | EF7: 4 – Probably | EG7: N/A – I don't do this work | EH7: 3 – Drafter: AI drafts, I rework every line | EI7: 3 – Drafter: AI drafts, I rework every line | EJ7: 3 – Drafter: AI drafts, I rework every line | EK7: 4 – Doer, reviewed: AI does it, I review the result | EL7: 4 – Doer, reviewed: AI does it, I review the result | EM7: 2 – Advisor: AI explains, I do the work | EN7: 3 – Drafter: AI drafts, I rework every line | EO7: 5 – Doer, spot-checked: AI does it, I spot-check | EP7: 4 – Doer, reviewed: AI does it, I review the result | EQ7: 4 – Doer, reviewed: AI does it, I review the result | ER7: 5 – Doer, spot-checked: AI does it, I spot-check | ES7: 4 – Doer, reviewed: AI does it, I review the result | ET7: 3 – Drafter: AI drafts, I rework every line | EU7: 3 – Drafter: AI drafts, I rework every line | EV7: 3 – Drafter: AI drafts, I rework every line | EW7: 3 – Drafter: AI drafts, I rework every line | EX7: 3 – Drafter: AI drafts, I rework every line | EY7: N/A – I don't do this work | EZ7: The test suite passes; It's easy to roll back if it's wrong; An automated security or lint scan covers it
A8: 7 | B8: 46282.375 | C8: 46282.4 | D8: Aisha Bello | E8: aisha.bello@example.com | F8: 3 – Use it occasionally | G8: 1 – Never used | H8: 4 – Use it regularly | I8: 1 – Never used | J8: 1 – Never used | K8: 3 – Sometimes | L8: 2 – Rarely | M8: 2 – Rarely | N8: 4 – Often | O8: 4 – Often | P8: 3 – Sometimes | Q8: 2 – Rarely | R8: 2 – Rarely | S8: 4 – Often | T8: 2 – Advisor: AI explains, I do the work | U8: 1 – None: no AI | V8: 1 – None: no AI | W8: 1 – None: no AI | X8: 2 – Advisor: AI explains, I do the work | Y8: 1 – None: no AI | Z8: 2 – Advisor: AI explains, I do the work | AA8: 3 – Drafter: AI drafts, I rework every line | AB8: 1 – None: no AI | AC8: N/A – I don't do this work | AD8: N/A – I don't do this work | AE8: 2 – Advisor: AI explains, I do the work | AF8: N/A – I don't do this work | AG8: N/A – I don't do this work | AH8: 1 – None: no AI | AI8: 4 – Doer, reviewed: AI does it, I review the result | AJ8: 3 – Drafter: AI drafts, I rework every line | AK8: 3 – Drafter: AI drafts, I rework every line | AL8: 3 – Drafter: AI drafts, I rework every line | AM8: 3 – Moderately | AN8: 2 – Slightly | AO8: 4 – Mostly | AP8: 3 – Moderately | AQ8: 4 – Mostly | AR8: 3 – Moderately | AS8: 3 – Moderately | AT8: 4 – Mostly | AV8: 2 – Slightly | AW8: 3 – Moderately | AX8: 4 – Mostly | AY8: 3 – Moderately | AZ8: 3 – Moderately | BA8: 3 – Moderately | BB8: 3 – Moderately | BC8: 3 – Moderately | BD8: I'd read it myself — nothing on this list changes that | BE8: 4 – Probably | BF8: 3 – Unsure | BG8: 3 – Unsure | BH8: 3 – Unsure | BI8: 3 – Unsure | BJ8: 4 – Probably | BK8: 4 – Probably | BL8: 2 – Probably not | BM8: 5 – Definitely | BN8: 3 – Unsure | BO8: 3 – Unsure | BP8: 2 – Probably not | BQ8: 2 – Probably not | BR8: 3 – Unsure | BS8: 2 – Probably not | BT8: 4 – Probably | BU8: 3 – Unsure | BV8: 3 – Unsure | BW8: 3 – Unsure | BX8: 4 – Probably | BY8: 3 – Unsure | BZ8: 2 – Probably not | CA8: 2 – Probably not | CB8: 3 – Unsure | CC8: 3 – Unsure | CD8: 1 – Definitely not | CE8: 3 – Unsure | CF8: 3 – Unsure | CG8: 3 – Unsure | CH8: 2 – Probably not | CI8: 3 – Drafter: AI drafts, I rework every line | CJ8: 2 – Advisor: AI explains, I do the work | CK8: 3 – Drafter: AI drafts, I rework every line | CL8: 3 – Drafter: AI drafts, I rework every line | CM8: 3 – Drafter: AI drafts, I rework every line | CN8: 3 – Drafter: AI drafts, I rework every line | CO8: 3 – Drafter: AI drafts, I rework every line | CP8: 4 – Doer, reviewed: AI does it, I review the result | CQ8: 2 – Advisor: AI explains, I do the work | CR8: N/A – I don't do this work | CS8: N/A – I don't do this work | CT8: 3 – Drafter: AI drafts, I rework every line | CU8: N/A – I don't do this work | CV8: N/A – I don't do this work | CW8: 2 – Advisor: AI explains, I do the work | CX8: 5 – Doer, spot-checked: AI does it, I spot-check | CY8: 4 – Doer, reviewed: AI does it, I review the result | CZ8: 4 – Doer, reviewed: AI does it, I review the result | DA8: 4 – Doer, reviewed: AI does it, I review the result | DB8: Another person reviews it; The test suite passes | DC8: 4 – Probably | DD8: 3 – Unsure | DE8: 3 – Unsure | DF8: 3 – Unsure | DG8: 3 – Unsure | DH8: 4 – Probably | DI8: 4 – Probably | DJ8: 2 – Probably not | DK8: 5 – Definitely | DL8: 3 – Unsure | DM8: 4 – Probably | DN8: 3 – Unsure | DO8: 3 – Unsure | DP8: 3 – Unsure | DQ8: 2 – Probably not | DR8: 4 – Probably | DS8: 2 – Probably not | DT8: 3 – Unsure | DU8: 3 – Unsure | DV8: 4 – Probably | DW8: 3 – Unsure | DX8: 1 – Definitely not | DY8: 3 – Unsure | DZ8: 2 – Probably not | EA8: 3 – Unsure | EB8: 2 – Probably not | EC8: 3 – Unsure | ED8: 2 – Probably not | EE8: 3 – Unsure | EF8: 2 – Probably not | EG8: 3 – Drafter: AI drafts, I rework every line | EH8: 3 – Drafter: AI drafts, I rework every line | EI8: 2 – Advisor: AI explains, I do the work | EJ8: 2 – Advisor: AI explains, I do the work | EK8: 4 – Doer, reviewed: AI does it, I review the result | EL8: 2 – Advisor: AI explains, I do the work | EM8: 3 – Drafter: AI drafts, I rework every line | EN8: 4 – Doer, reviewed: AI does it, I review the result | EO8: 3 – Drafter: AI drafts, I rework every line | EP8: N/A – I don't do this work | EQ8: N/A – I don't do this work | ER8: 3 – Drafter: AI drafts, I rework every line | ES8: N/A – I don't do this work | ET8: N/A – I don't do this work | EU8: 2 – Advisor: AI explains, I do the work | EV8: 5 – Doer, spot-checked: AI does it, I spot-check | EW8: 4 – Doer, reviewed: AI does it, I review the result | EX8: 4 – Doer, reviewed: AI does it, I review the result | EY8: 4 – Doer, reviewed: AI does it, I review the result | EZ8: Another person reviews it; The test suite passes | FA8: The test suite passes; A type check or schema validation covers it; An automated security or lint scan covers it
A9: 8 | B9: 46283.375 | C9: 46283.4 | D9: Jonas Weber | E9: jonas.weber@example.com | F9: 3 – Use it occasionally | G9: 1 – Never used | H9: 2 – Tried it, not using it now | I9: 1 – Never used | J9: 1 – Never used | K9: 3 – Sometimes | L9: 4 – Often | M9: 3 – Sometimes | N9: 4 – Often | O9: 3 – Sometimes | P9: 3 – Sometimes | Q9: 2 – Rarely | R9: 3 – Sometimes | S9: 3 – Sometimes | T9: 3 – Drafter: AI drafts, I rework every line | U9: 3 – Drafter: AI drafts, I rework every line | V9: 3 – Drafter: AI drafts, I rework every line | W9: 3 – Drafter: AI drafts, I rework every line | X9: 3 – Drafter: AI drafts, I rework every line | Y9: 3 – Drafter: AI drafts, I rework every line | Z9: 3 – Drafter: AI drafts, I rework every line | AA9: 3 – Drafter: AI drafts, I rework every line | AB9: 2 – Advisor: AI explains, I do the work | AC9: 2 – Advisor: AI explains, I do the work | AD9: N/A – I don't do this work | AE9: 1 – None: no AI | AF9: 2 – Advisor: AI explains, I do the work | AG9: 3 – Drafter: AI drafts, I rework every line | AH9: 2 – Advisor: AI explains, I do the work | AI9: 3 – Drafter: AI drafts, I rework every line | AJ9: 3 – Drafter: AI drafts, I rework every line | AK9: 3 – Drafter: AI drafts, I rework every line | AL9: 3 – Drafter: AI drafts, I rework every line | AM9: 3 – Moderately | AN9: 3 – Moderately | AO9: 3 – Moderately | AP9: 4 – Mostly | AQ9: 3 – Moderately | AR9: 4 – Mostly | AS9: 4 – Mostly | AT9: 3 – Moderately | AU9: 2 – Slightly | AV9: 2 – Slightly | AW9: 3 – Moderately | AX9: 3 – Moderately | AY9: 2 – Slightly | AZ9: 3 – Moderately | BA9: 4 – Mostly | BB9: 3 – Moderately | BC9: 3 – Moderately | BD9: The test suite passes | BE9: 4 – Probably | BF9: 4 – Probably | BG9: 4 – Probably | BH9: 4 – Probably | BI9: 4 – Probably | BJ9: 4 – Probably | BK9: 4 – Probably | BL9: 4 – Probably | BM9: 4 – Probably | BN9: 4 – Probably | BO9: 4 – Probably | BP9: 4 – Probably | BQ9: 4 – Probably | BR9: 4 – Probably | BS9: 4 – Probably | BT9: 4 – Probably | BU9: 4 – Probably | BV9: 4 – Probably | BW9: 4 – Probably | BX9: 4 – Probably | BY9: 4 – Probably | BZ9: 4 – Probably | CA9: 4 – Probably | CB9: 4 – Probably | CC9: 4 – Probably | CD9: 4 – Probably | CE9: 4 – Probably | CF9: 4 – Probably | CG9: 4 – Probably | CH9: 4 – Probably | CI9: 5 – Doer, spot-checked: AI does it, I spot-check | CJ9: 5 – Doer, spot-checked: AI does it, I spot-check | CK9: 5 – Doer, spot-checked: AI does it, I spot-check | CL9: 4 – Doer, reviewed: AI does it, I review the result | CM9: 4 – Doer, reviewed: AI does it, I review the result | CN9: 4 – Doer, reviewed: AI does it, I review the result | CO9: 4 – Doer, reviewed: AI does it, I review the result | CP9: 4 – Doer, reviewed: AI does it, I review the result | CQ9: 3 – Drafter: AI drafts, I rework every line | CR9: 3 – Drafter: AI drafts, I rework every line | CS9: N/A – I don't do this work | CT9: 3 – Drafter: AI drafts, I rework every line | CU9: 3 – Drafter: AI drafts, I rework every line | CV9: 5 – Doer, spot-checked: AI does it, I spot-check | CW9: 4 – Doer, reviewed: AI does it, I review the result | CX9: 4 – Doer, reviewed: AI does it, I review the result | CY9: 4 – Doer, reviewed: AI does it, I review the result | CZ9: 4 – Doer, reviewed: AI does it, I review the result | DA9: 4 – Doer, reviewed: AI does it, I review the result | DB9: The test suite passes; It's easy to roll back if it's wrong | DC9: 4 – Probably | DD9: 4 – Probably | DE9: 4 – Probably | DF9: 4 – Probably | DG9: 4 – Probably | DH9: 4 – Probably | DI9: 4 – Probably | DJ9: 4 – Probably | DK9: 4 – Probably | DL9: 4 – Probably | DM9: 4 – Probably | DN9: 4 – Probably | DO9: 4 – Probably | DP9: 4 – Probably | DQ9: 4 – Probably | DR9: 4 – Probably | DS9: 4 – Probably | DT9: 4 – Probably | DU9: 4 – Probably | DV9: 4 – Probably | DW9: 4 – Probably | DX9: 4 – Probably | DY9: 4 – Probably | DZ9: 4 – Probably | EA9: 4 – Probably | EB9: 4 – Probably | EC9: 4 – Probably | ED9: 4 – Probably | EE9: 4 – Probably | EF9: 4 – Probably | EG9: 4 – Doer, reviewed: AI does it, I review the result | EH9: 4 – Doer, reviewed: AI does it, I review the result | EI9: 4 – Doer, reviewed: AI does it, I review the result | EJ9: 5 – Doer, spot-checked: AI does it, I spot-check | EK9: 4 – Doer, reviewed: AI does it, I review the result | EL9: 5 – Doer, spot-checked: AI does it, I spot-check | EM9: 4 – Doer, reviewed: AI does it, I review the result | EN9: 5 – Doer, spot-checked: AI does it, I spot-check | EO9: 3 – Drafter: AI drafts, I rework every line | EP9: 3 – Drafter: AI drafts, I rework every line | EQ9: N/A – I don't do this work | ER9: 2 – Advisor: AI explains, I do the work | ES9: 3 – Drafter: AI drafts, I rework every line | ET9: 5 – Doer, spot-checked: AI does it, I spot-check | EU9: 3 – Drafter: AI drafts, I rework every line | EV9: 4 – Doer, reviewed: AI does it, I review the result | EW9: 4 – Doer, reviewed: AI does it, I review the result | EX9: 5 – Doer, spot-checked: AI does it, I spot-check | EY9: 4 – Doer, reviewed: AI does it, I review the result | EZ9: The test suite passes; It's easy to roll back if it's wrong | FA9: A type check or schema validation covers it

Sheet Items
A1: Key | B1: Kind | C1: Block | D1: Reverse | E1: Label | F1: Forms header | G1: Option text
A2: context.copilot | B2: context | D2: 0 | E2: tool.copilot | F2: GitHub Copilot
A3: context.copilot-studio | B3: context | D3: 0 | E3: tool.copilot-studio | F3: Copilot Studio
A4: context.m365-copilot | B4: context | D4: 0 | E4: tool.m365-copilot | F4: Microsoft 365 Copilot
A5: context.azure-ai-foundry | B5: context | D5: 0 | E5: tool.azure-ai-foundry | F5: Azure AI Foundry
A6: context.other-tool | B6: context | D6: 0 | E6: tool.other-tool | F6: Another AI tool not on this list
A7: item.T1.current | B7: item | C7: current | D7: 0 | E7: T1 | F7: I expect code an AI writes for me to be correct.
A8: item.N1.current | B8: item | C8: current | D8: 0 | E8: N1 | F8: I worry that leaning on AI will erode my own skills.
A9: item.G1.current | B9: item | C9: current | D9: 0 | E9: G1 | F9: AI-assisted work needs more review and testing than work someone wrote by hand.
A10: item.V1.current | B10: item | C10: current | D10: 0 | E10: V1 | F10: Code I ship should be something I could walk someone else through.
A11: item.C3.current | B11: item | C11: current | D11: 1 | E11: C3 | F11: I'd rather work through something myself than hand any of it to AI.
A12: item.N2.current | B12: item | C12: current | D12: 0 | E12: N2 | F12: AI-written code could introduce security problems we wouldn't catch.
A13: item.G2.current | B13: item | C13: current | D13: 0 | E13: G2 | F13: People should say when a change was mostly written by AI.
A14: item.F3.current | B14: item | C14: current | D14: 1 | E14: F3 | F14: When an AI tool doesn't give me what I need, I'm not sure what to change.
A15: item.N3.current | B15: item | C15: current | D15: 0 | E15: N3 | F15: Using AI-generated code could create licensing or IP problems for us.
A16: item.V2.current | B16: item | C16: current | D16: 1 | E16: V2 | F16: When a deadline is tight, tests and review are the first things I drop.
A17: item.G4.current | B17: item | C17: current | D17: 0 | E17: G4 | F17: There should be parts of our work where AI isn't used at all.
A18: item.N4.current | B18: item | C18: current | D18: 1 | E18: N4 | F18: Code we write with AI will be just as maintainable as anything else we write.
... A23: item.G6.current | B23: item | C23: current | D23: 1 | E23: G6 | F23: Our current process already covers AI-assisted work; it needs nothing extra.
A24: item.C1.current | B24: item | D24: 0 | E24: C1 | F24: How often do you use an AI tool in your development work?
A25: item.F1.current | B25: item | D25: 0 | E25: F1 | F25: How often do you get a usable result from an AI tool within a try or two?
A26: item.A1.current | B26: item | D26: 0 | E26: A1 | F26: How often do you let an AI tool edit files or run commands in your project?
A27: item.T2.current | B27: item | D27: 1 | E27: T2 | F27: How often do you read AI-written code line by line before you use it?
A28: item.G3.current | B28: item | D28: 0 | E28: G3 | F28: How often do you tell people a change was mostly written by AI?
A29: item.C2.current | B29: item | D29: 0 | E29: C2 | F29: How often do you use AI on work that ends up in production?
A30: item.A3.current | B30: item | D30: 0 | E30: A3 | F30: How often do you hand AI a whole task and come back to a finished change?
A31: item.F2.current | B31: item | D31: 0 | E31: F2 | F31: How often do you deliberately give an AI tool context — pointing it at the right files, rules, or docs?
A32: item.A2.current | B32: item | D32: 1 | E32: A2 | F32: How often do you approve an agent's steps as it goes, rather than letting it run on?
A33: item.FC1.future-personal | B33: item | C33: future-personal | D33: 0 | E33: FC1/me | F33: I would use AI in most development work.
A34: item.FT1.future-personal | B34: item | C34: future-personal | D34: 0 | E34: FT1/me | F34: I would treat AI output as correct by default, checking only when something looks off.
A35: item.FN1.future-personal | B35: item | C35: future-personal | D35: 0 | E35: FN1/me | F35: I would treat skill erosion as a real risk to watch for.
A36: item.FG1.future-personal | B36: item | C36: future-personal | D36: 0 | E36: FG1/me | F36: I would give AI-assisted work more review and testing than hand-written work.
A37: item.FA1.future-personal | B37: item | C37: future-personal | D37: 0 | E37: FA1/me | F37: I would let AI tools edit files and run commands directly.
A38: item.FV1.future-personal | B38: item | C38: future-personal | D38: 0 | E38: FV1/me | F38: I would ship only code someone could walk another person through.
A39: item.FF1.future-personal | B39: item | C39: future-personal | D39: 0 | E39: FF1/me | F39: I would be able to get what's needed out of an AI tool in a try or two.
A40: probe.P2.future-personal | B40: probe | C40: future-personal | D40: 0 | E40: P2/me | F40: I would merge AI-written code I had not read line by line, as long as the tests pass.
A41: item.FC2.future-personal | B41: item | C41: future-personal | D41: 0 | E41: FC2/me | F41: I would use AI on work that ends up in production.
A42: item.FN2.future-personal | B42: item | C42: future-personal | D42: 0 | E42: FN2/me | F42: I would treat security problems in AI-written code as a live risk to guard against.
A43: item.FG2.future-personal | B43: item | C43: future-personal | D43: 0 | E43: FG2/me | F43: I would say when a change was mostly written by AI.
A44: item.FA2.future-personal | B44: item | C44: future-personal | D44: 1 | E44: FA2/me | F44: I would approve an agent's steps as it goes rather than letting it run on.
... A92: probe.P4.future-team | B92: probe | C92: future-team | D92: 0 | E92: P4/team | F92: The team should slow down how fast we adopt AI, because the risks outweigh what we'd gain.
A93: area.requirements.current | B93: area | D93: 0 | E93: requirements.current | F93: Today: Requirements & ideation
A94: area.architecture.current | B94: area | D94: 0 | E94: architecture.current | F94: Today: Architecture & design
A95: area.production-code.current | B95: area | D95: 0 | E95: production-code.current | F95: Today: Writing production code
A96: area.tests.current | B96: area | D96: 0 | E96: tests.current | F96: Today: Writing tests
A97: area.code-review.current | B97: area | D97: 0 | E97: code-review.current | F97: Today: Code review
A98: area.debugging.current | B98: area | D98: 0 | E98: debugging.current | F98: Today: Debugging
A99: area.documentation.current | B99: area | D99: 0 | E99: documentation.current | F99: Today: Documentation
A100: area.refactoring.current | B100: area | D100: 0 | E100: refactoring.current | F100: Today: Refactoring & legacy migration
A101: area.ci-cd.current | B101: area | D101: 0 | E101: ci-cd.current | F101: Today: CI/CD & build configuration
A102: area.infrastructure.current | B102: area | D102: 0 | E102: infrastructure.current | F102: Today: Infrastructure-as-code
A103: area.incident-response.current | B103: area | D103: 0 | E103: incident-response.current | F103: Today: Incident response & on-call
A104: area.monitoring.current | B104: area | D104: 0 | E104: monitoring.current | F104: Today: Monitoring & alerting
... A149: area.meeting-notes.future-team | B149: area | D149: 0 | E149: meeting-notes.future-team | F149: Team in 6 months: Meeting notes & summaries
A150: safeguard.read-myself.current | B150: safeguard | D150: 0 | E150: safeguard.read-myself.current | F150: Which of these, if any, do you accept today instead of reading AI's output yourself? | G150: I'd read it myself — nothing on this list changes that
A151: safeguard.another-person.current | B151: safeguard | D151: 0 | E151: safeguard.another-person.current | F151: Which of these, if any, do you accept today instead of reading AI's output yourself? | G151: Another person reviews it
A152: safeguard.tests.current | B152: safeguard | D152: 0 | E152: safeguard.tests.current | F152: Which of these, if any, do you accept today instead of reading AI's output yourself? | G152: The test suite passes
A153: safeguard.rollback.current | B153: safeguard | D153: 0 | E153: safeguard.rollback.current | F153: Which of these, if any, do you accept today instead of reading AI's output yourself? | G153: It's easy to roll back if it's wrong
A154: safeguard.schema-check.current | B154: safeguard | D154: 0 | E154: safeguard.schema-check.current | F154: Which of these, if any, do you accept today instead of reading AI's output yourself? | G154: A type check or schema validation covers it
A155: safeguard.small-blast-radius.current | B155: safeguard | D155: 0 | E155: safeguard.small-blast-radius.current | F155: Which of these, if any, do you accept today instead of reading AI's output yourself? | G155: The blast radius is small (docs, internal tooling, non-production)
A156: safeguard.security-scan.current | B156: safeguard | D156: 0 | E156: safeguard.security-scan.current | F156: Which of these, if any, do you accept today instead of reading AI's output yourself? | G156: An automated security or lint scan covers it
A157: safeguard.read-myself.future-personal | B157: safeguard | D157: 0 | E157: safeguard.read-myself.future-personal | F157: In six months, which of these would you accept instead of reading AI's output yourself? | G157: I'd read it myself — nothing on this list changes that
A158: safeguard.another-person.future-personal | B158: safeguard | D158: 0 | E158: safeguard.another-person.future-personal | F158: In six months, which of these would you accept instead of reading AI's output yourself? | G158: Another person reviews it
A159: safeguard.tests.future-personal | B159: safeguard | D159: 0 | E159: safeguard.tests.future-personal | F159: In six months, which of these would you accept instead of reading AI's output yourself? | G159: The test suite passes
A160: safeguard.rollback.future-personal | B160: safeguard | D160: 0 | E160: safeguard.rollback.future-personal | F160: In six months, which of these would you accept instead of reading AI's output yourself? | G160: It's easy to roll back if it's wrong
A161: safeguard.schema-check.future-personal | B161: safeguard | D161: 0 | E161: safeguard.schema-check.future-personal | F161: In six months, which of these would you accept instead of reading AI's output yourself? | G161: A type check or schema validation covers it
... A177: learn.security-scan | B177: learn | D177: 0 | E177: learn.security-scan | F177: Which of these would you want to know more about? | G177: An automated security or lint scan covers it

Sheet Values
A1: key | B1: context.copilot | C1: context.copilot-studio | D1: context.m365-copilot | E1: context.azure-ai-foundry | F1: context.other-tool | G1: item.T1.current | H1: item.N1.current | I1: item.G1.current | J1: item.V1.current | K1: item.C3.current | L1: item.N2.current | M1: item.G2.current | N1: item.F3.current | O1: item.N3.current | P1: item.V2.current | Q1: item.G4.current | R1: item.N4.current | S1: item.T3.current | T1: item.G5.current | U1: item.N5.current | V1: item.V3.current | W1: item.G6.current | X1: item.C1.current | Y1: item.F1.current | Z1: item.A1.current | AA1: item.T2.current | AB1: item.G3.current | AC1: item.C2.current | AD1: item.A3.current | AE1: item.F2.current | AF1: item.A2.current | AG1: item.FC1.future-personal | AH1: item.FT1.future-personal | AI1: item.FN1.future-personal | AJ1: item.FG1.future-personal | AK1: item.FA1.future-personal | AL1: item.FV1.future-personal | AM1: item.FF1.future-personal | AN1: probe.P2.future-personal | AO1: item.FC2.future-personal | AP1: item.FN2.future-personal | AQ1: item.FG2.future-personal | AR1: item.FA2.future-personal | AS1: item.FT2.future-personal | AT1: item.FV2.future-personal | AU1: probe.P1.future-personal | AV1: item.FF2.future-personal | AW1: item.FN3.future-personal | AX1: item.FG3.future-personal | AY1: item.FA3.future-personal | AZ1: item.FV3.future-personal | BA1: item.FT3.future-personal | BB1: item.FC3.future-personal | BC1: probe.P3.future-personal | BD1: item.FN4.future-personal | BE1: item.FG4.future-personal | BF1: item.FF3.future-personal | BG1: probe.P5.future-personal | BH1: item.FN5.future-personal | BI1: item.FG5.future-personal | BJ1: probe.P4.future-personal | BK1: item.FC1.future-team | BL1: item.FT1.future-team | BM1: item.FN1.future-team | BN1: item.FG1.future-team | BO1: item.FA1.future-team | BP1: item.FV1.future-team | BQ1: item.FF1.future-team | BR1: probe.P2.future-team | BS1: item.FC2.future-team | BT1: item.FN2.future-team | BU1: item.FG2.future-team | BV1: item.FA2.future-team | BW1: item.FT2.future-team | BX1: item.FV2.future-team | BY1: probe.P1.future-team | BZ1: item.FF2.future-team | CA1: item.FN3.future-team | CB1: item.FG3.future-team | CC1: item.FA3.future-team | CD1: item.FV3.future-team | CE1: item.FT3.future-team | CF1: item.FC3.future-team | CG1: probe.P3.future-team | CH1: item.FN4.future-team | CI1: item.FG4.future-team | CJ1: item.FF3.future-team | CK1: probe.P5.future-team | CL1: item.FN5.future-team | CM1: item.FG5.future-team | CN1: probe.P4.future-team | CO1: area.requirements.current | CP1: area.architecture.current | CQ1: area.production-code.current | CR1: area.tests.current | CS1: area.code-review.current | CT1: area.debugging.current | CU1: area.documentation.current | CV1: area.refactoring.current | CW1: area.ci-cd.current | CX1: area.infrastructure.current | CY1: area.incident-response.current | CZ1: area.monitoring.current | DA1: area.data-migrations.current | DB1: area.security-review.current | DC1: area.dependency-upgrades.current | DD1: area.estimates.current | DE1: area.stakeholder-comms.current | DF1: area.learning.current | DG1: area.meeting-notes.current | DH1: area.requirements.future-personal | DI1: area.architecture.future-personal | DJ1: area.production-code.future-personal | DK1: area.tests.future-personal | DL1: area.code-review.future-personal | DM1: area.debugging.future-personal | DN1: area.documentation.future-personal | DO1: area.refactoring.future-personal | DP1: area.ci-cd.future-personal | DQ1: area.infrastructure.future-personal | DR1: area.incident-response.future-personal | DS1: area.monitoring.future-personal | DT1: area.data-migrations.future-personal | DU1: area.security-review.future-personal | DV1: area.dependency-upgrades.future-personal | DW1: area.estimates.future-personal | DX1: area.stakeholder-comms.future-personal | DY1: area.learning.future-personal | DZ1: area.meeting-notes.future-personal | EA1: area.requirements.future-team | EB1: area.architecture.future-team | EC1: area.production-code.future-team | ED1: area.tests.future-team | EE1: area.code-review.future-team | EF1: area.debugging.future-team | EG1: area.documentation.future-team | EH1: area.refactoring.future-team | EI1: area.ci-cd.future-team | EJ1: area.infrastructure.future-team | EK1: area.incident-response.future-team | EL1: area.monitoring.future-team | EM1: area.data-migrations.future-team | EN1: area.security-review.future-team | EO1: area.dependency-upgrades.future-team | EP1: area.estimates.future-team | EQ1: area.stakeholder-comms.future-team | ER1: area.learning.future-team | ES1: area.meeting-notes.future-team | ET1: safeguard.read-myself.current | EU1: safeguard.another-person.current | EV1: safeguard.tests.current | EW1: safeguard.rollback.current | EX1: safeguard.schema-check.current | EY1: safeguard.small-blast-radius.current | EZ1: safeguard.security-scan.current | FA1: safeguard.read-myself.future-personal | FB1: safeguard.another-person.future-personal | FC1: safeguard.tests.future-personal | FD1: safeguard.rollback.future-personal | FE1: safeguard.schema-check.future-personal | FF1: safeguard.small-blast-radius.future-personal | FG1: safeguard.security-scan.future-personal | FH1: safeguard.read-myself.future-team | FI1: safeguard.another-person.future-team | FJ1: safeguard.tests.future-team | FK1: safeguard.rollback.future-team | FL1: safeguard.schema-check.future-team | FM1: safeguard.small-blast-radius.future-team | FN1: safeguard.security-scan.future-team | FO1: learn.read-myself | FP1: learn.another-person | FQ1: learn.tests | FR1: learn.rollback | FS1: learn.schema-check | FT1: learn.small-blast-radius | FU1: learn.security-scan
A2: kind | B2: context | C2: context | D2: context | E2: context | F2: context | G2: item | H2: item | I2: item | J2: item | K2: item | L2: item | M2: item | N2: item | O2: item | P2: item | Q2: item | R2: item | S2: item | T2: item | U2: item | V2: item | W2: item | X2: item | Y2: item | Z2: item | AA2: item | AB2: item | AC2: item | AD2: item | AE2: item | AF2: item | AG2: item | AH2: item | AI2: item | AJ2: item | AK2: item | AL2: item | AM2: item | AN2: probe | AO2: item | AP2: item | AQ2: item | AR2: item | AS2: item | AT2: item | AU2: probe | AV2: item | AW2: item | AX2: item | AY2: item | AZ2: item | BA2: item | BB2: item | BC2: probe | BD2: item | BE2: item | BF2: item | BG2: probe | BH2: item | BI2: item | BJ2: probe | BK2: item | BL2: item | BM2: item | BN2: item | BO2: item | BP2: item | BQ2: item | BR2: probe | BS2: item | BT2: item | BU2: item | BV2: item | BW2: item | BX2: item | BY2: probe | BZ2: item | CA2: item | CB2: item | CC2: item | CD2: item | CE2: item | CF2: item | CG2: probe | CH2: item | CI2: item | CJ2: item | CK2: probe | CL2: item | CM2: item | CN2: probe | CO2: area | CP2: area | CQ2: area | CR2: area | CS2: area | CT2: area | CU2: area | CV2: area | CW2: area | CX2: area | CY2: area | CZ2: area | DA2: area | DB2: area | DC2: area | DD2: area | DE2: area | DF2: area | DG2: area | DH2: area | DI2: area | DJ2: area | DK2: area | DL2: area | DM2: area | DN2: area | DO2: area | DP2: area | DQ2: area | DR2: area | DS2: area | DT2: area | DU2: area | DV2: area | DW2: area | DX2: area | DY2: area | DZ2: area | EA2: area | EB2: area | EC2: area | ED2: area | EE2: area | EF2: area | EG2: area | EH2: area | EI2: area | EJ2: area | EK2: area | EL2: area | EM2: area | EN2: area | EO2: area | EP2: area | EQ2: area | ER2: area | ES2: area | ET2: safeguard | EU2: safeguard | EV2: safeguard | EW2: safeguard | EX2: safeguard | EY2: safeguard | EZ2: safeguard | FA2: safeguard | FB2: safeguard | FC2: safeguard | FD2: safeguard | FE2: safeguard | FF2: safeguard | FG2: safeguard | FH2: safeguard | FI2: safeguard | FJ2: safeguard | FK2: safeguard | FL2: safeguard | FM2: safeguard | FN2: safeguard | FO2: learn | FP2: learn | FQ2: learn | FR2: learn | FS2: learn | FT2: learn | FU2: learn
A3: block | G3: current | H3: current | I3: current | J3: current | K3: current | L3: current | M3: current | N3: current | O3: current | P3: current | Q3: current | R3: current | S3: current | T3: current | U3: current | V3: current | W3: current | AG3: future-personal | AH3: future-personal | AI3: future-personal | AJ3: future-personal | AK3: future-personal | AL3: future-personal | AM3: future-personal | AN3: future-personal | AO3: future-personal | AP3: future-personal | AQ3: future-personal | AR3: future-personal | AS3: future-personal | AT3: future-personal | AU3: future-personal | AV3: future-personal | AW3: future-personal | AX3: future-personal | AY3: future-personal | AZ3: future-personal | BA3: future-personal | BB3: future-personal | BC3: future-personal | BD3: future-personal | BE3: future-personal | BF3: future-personal | BG3: future-personal | BH3: future-personal | BI3: future-personal | BJ3: future-personal | BK3: future-team | BL3: future-team | BM3: future-team | BN3: future-team | BO3: future-team | BP3: future-team | BQ3: future-team | BR3: future-team | BS3: future-team | BT3: future-team | BU3: future-team | BV3: future-team | BW3: future-team | BX3: future-team | BY3: future-team | BZ3: future-team | CA3: future-team | CB3: future-team | CC3: future-team | CD3: future-team | CE3: future-team | CF3: future-team | CG3: future-team | CH3: future-team | CI3: future-team | CJ3: future-team | CK3: future-team | CL3: future-team | CM3: future-team | CN3: future-team
A4: reverse | B4: 0 | C4: 0 | D4: 0 | E4: 0 | F4: 0 | G4: 0 | H4: 0 | I4: 0 | J4: 0 | K4: 1 | L4: 0 | M4: 0 | N4: 1 | O4: 0 | P4: 1 | Q4: 0 | R4: 1 | S4: 0 | T4: 0 | U4: 0 | V4: 0 | W4: 1 | X4: 0 | Y4: 0 | Z4: 0 | AA4: 1 | AB4: 0 | AC4: 0 | AD4: 0 | AE4: 0 | AF4: 1 | AG4: 0 | AH4: 0 | AI4: 0 | AJ4: 0 | AK4: 0 | AL4: 0 | AM4: 0 | AN4: 0 | AO4: 0 | AP4: 0 | AQ4: 0 | AR4: 1 | AS4: 1 | AT4: 1 | AU4: 0 | AV4: 0 | AW4: 0 | AX4: 0 | AY4: 0 | AZ4: 0 | BA4: 0 | BB4: 1 | BC4: 0 | BD4: 1 | BE4: 0 | BF4: 1 | BG4: 0 | BH4: 0 | BI4: 1 | BJ4: 0 | BK4: 0 | BL4: 0 | BM4: 0 | BN4: 0 | BO4: 0 | BP4: 0 | BQ4: 0 | BR4: 0 | BS4: 0 | BT4: 0 | BU4: 0 | BV4: 1 | BW4: 1 | BX4: 1 | BY4: 0 | BZ4: 0 | CA4: 0 | CB4: 0 | CC4: 0 | CD4: 0 | CE4: 0 | CF4: 1 | CG4: 0 | CH4: 1 | CI4: 0 | CJ4: 1 | CK4: 0 | CL4: 0 | CM4: 1 | CN4: 0 | CO4: 0 | CP4: 0 | CQ4: 0 | CR4: 0 | CS4: 0 | CT4: 0 | CU4: 0 | CV4: 0 | CW4: 0 | CX4: 0 | CY4: 0 | CZ4: 0 | DA4: 0 | DB4: 0 | DC4: 0 | DD4: 0 | DE4: 0 | DF4: 0 | DG4: 0 | DH4: 0 | DI4: 0 | DJ4: 0 | DK4: 0 | DL4: 0 | DM4: 0 | DN4: 0 | DO4: 0 | DP4: 0 | DQ4: 0 | DR4: 0 | DS4: 0 | DT4: 0 | DU4: 0 | DV4: 0 | DW4: 0 | DX4: 0 | DY4: 0 | DZ4: 0 | EA4: 0 | EB4: 0 | EC4: 0 | ED4: 0 | EE4: 0 | EF4: 0 | EG4: 0 | EH4: 0 | EI4: 0 | EJ4: 0 | EK4: 0 | EL4: 0 | EM4: 0 | EN4: 0 | EO4: 0 | EP4: 0 | EQ4: 0 | ER4: 0 | ES4: 0 | ET4: 0 | EU4: 0 | EV4: 0 | EW4: 0 | EX4: 0 | EY4: 0 | EZ4: 0 | FA4: 0 | FB4: 0 | FC4: 0 | FD4: 0 | FE4: 0 | FF4: 0 | FG4: 0 | FH4: 0 | FI4: 0 | FJ4: 0 | FK4: 0 | FL4: 0 | FM4: 0 | FN4: 0 | FO4: 0 | FP4: 0 | FQ4: 0 | FR4: 0 | FS4: 0 | FT4: 0 | FU4: 0
A5: label | B5: tool.copilot | C5: tool.copilot-studio | D5: tool.m365-copilot | E5: tool.azure-ai-foundry | F5: tool.other-tool | G5: T1 | H5: N1 | I5: G1 | J5: V1 | K5: C3 | L5: N2 | M5: G2 | N5: F3 | O5: N3 | P5: V2 | Q5: G4 | R5: N4 | S5: T3 | T5: G5 | U5: N5 | V5: V3 | W5: G6 | X5: C1 | Y5: F1 | Z5: A1 | AA5: T2 | AB5: G3 | AC5: C2 | AD5: A3 | AE5: F2 | AF5: A2 | AG5: FC1/me | AH5: FT1/me | AI5: FN1/me | AJ5: FG1/me | AK5: FA1/me | AL5: FV1/me | AM5: FF1/me | AN5: P2/me | AO5: FC2/me | AP5: FN2/me | AQ5: FG2/me | AR5: FA2/me | AS5: FT2/me | AT5: FV2/me | AU5: P1/me | AV5: FF2/me | AW5: FN3/me | AX5: FG3/me | AY5: FA3/me | AZ5: FV3/me | BA5: FT3/me | BB5: FC3/me | BC5: P3/me | BD5: FN4/me | BE5: FG4/me | BF5: FF3/me | BG5: P5/me | BH5: FN5/me | BI5: FG5/me | BJ5: P4/me | BK5: FC1/team | BL5: FT1/team | BM5: FN1/team | BN5: FG1/team | BO5: FA1/team | BP5: FV1/team | BQ5: FF1/team | BR5: P2/team | BS5: FC2/team | BT5: FN2/team | BU5: FG2/team | BV5: FA2/team | BW5: FT2/team | BX5: FV2/team | BY5: P1/team | BZ5: FF2/team | CA5: FN3/team | CB5: FG3/team | CC5: FA3/team | CD5: FV3/team | CE5: FT3/team | CF5: FC3/team | CG5: P3/team | CH5: FN4/team | CI5: FG4/team | CJ5: FF3/team | CK5: P5/team | CL5: FN5/team | CM5: FG5/team | CN5: P4/team | CO5: requirements.current | CP5: architecture.current | CQ5: production-code.current | CR5: tests.current | CS5: code-review.current | CT5: debugging.current | CU5: documentation.current | CV5: refactoring.current | CW5: ci-cd.current | CX5: infrastructure.current | CY5: incident-response.current | CZ5: monitoring.current | DA5: data-migrations.current | DB5: security-review.current | DC5: dependency-upgrades.current | DD5: estimates.current | DE5: stakeholder-comms.current | DF5: learning.current | DG5: meeting-notes.current | DH5: requirements.future-personal | DI5: architecture.future-personal | DJ5: production-code.future-personal | DK5: tests.future-personal | DL5: code-review.future-personal | DM5: debugging.future-personal | DN5: documentation.future-personal | DO5: refactoring.future-personal | DP5: ci-cd.future-personal | DQ5: infrastructure.future-personal | DR5: incident-response.future-personal | DS5: monitoring.future-personal | DT5: data-migrations.future-personal | DU5: security-review.future-personal | DV5: dependency-upgrades.future-personal | DW5: estimates.future-personal | DX5: stakeholder-comms.future-personal | DY5: learning.future-personal | DZ5: meeting-notes.future-personal | EA5: requirements.future-team | EB5: architecture.future-team | EC5: production-code.future-team | ED5: tests.future-team | EE5: code-review.future-team | EF5: debugging.future-team | EG5: documentation.future-team | EH5: refactoring.future-team | EI5: ci-cd.future-team | EJ5: infrastructure.future-team | EK5: incident-response.future-team | EL5: monitoring.future-team | EM5: data-migrations.future-team | EN5: security-review.future-team | EO5: dependency-upgrades.future-team | EP5: estimates.future-team | EQ5: stakeholder-comms.future-team | ER5: learning.future-team | ES5: meeting-notes.future-team | ET5: safeguard.read-myself.current | EU5: safeguard.another-person.current | EV5: safeguard.tests.current | EW5: safeguard.rollback.current | EX5: safeguard.schema-check.current | EY5: safeguard.small-blast-radius.current | EZ5: safeguard.security-scan.current | FA5: safeguard.read-myself.future-personal | FB5: safeguard.another-person.future-personal | FC5: safeguard.tests.future-personal | FD5: safeguard.rollback.future-personal | FE5: safeguard.schema-check.future-personal | FF5: safeguard.small-blast-radius.future-personal | FG5: safeguard.security-scan.future-personal | FH5: safeguard.read-myself.future-team | FI5: safeguard.another-person.future-team | FJ5: safeguard.tests.future-team | FK5: safeguard.rollback.future-team | FL5: safeguard.schema-check.future-team | FM5: safeguard.small-blast-radius.future-team | FN5: safeguard.security-scan.future-team | FO5: learn.read-myself | FP5: learn.another-person | FQ5: learn.tests | FR5: learn.rollback | FS5: learn.schema-check | FT5: learn.small-blast-radius | FU5: learn.security-scan
A6: Forms header | B6: =INDEX(Items!$F:$F,MATCH(B$1,Items!$A:$A,0)) -> GitHub Copilot | C6: =INDEX(Items!$F:$F,MATCH(C$1,Items!$A:$A,0)) -> Copilot Studio | D6: =INDEX(Items!$F:$F,MATCH(D$1,Items!$A:$A,0)) -> Microsoft 365 Copilot | E6: =INDEX(Items!$F:$F,MATCH(E$1,Items!$A:$A,0)) -> Azure AI Foundry | F6: =INDEX(Items!$F:$F,MATCH(F$1,Items!$A:$A,0)) -> Another AI tool not on this list | G6: =INDEX(Items!$F:$F,MATCH(G$1,Items!$A:$A,0)) -> I expect code an AI writes for me to be correct. | H6: =INDEX(Items!$F:$F,MATCH(H$1,Items!$A:$A,0)) -> I worry that leaning on AI will erode my own skills. | I6: =INDEX(Items!$F:$F,MATCH(I$1,Items!$A:$A,0)) -> AI-assisted work needs more review and testing than work someone wrote by hand. | ... FU6: =INDEX(Items!$F:$F,MATCH(FU$1,Items!$A:$A,0)) -> Which of these would you want to know more about?
A7: =Responses!$D$2 -> Maya Okafor | B7: =IF(INDEX(Responses!$A$2:$ZZ$2,1,MATCH(B$6,Responses!$1:$1,0))&""="","",IF(LEFT(INDEX(Responses!$A$2:$ZZ$2,1,MATCH(B$6,Responses!$1:$1,0)),1)="N","NA",VALUE(LEFT(INDEX(Responses!$A$2:$ZZ$2,1,MATCH(B$6,Responses!$1:$1,0)),1)))) -> 4 | C7: =IF(INDEX(Responses!$A$2:$ZZ$2,1,MATCH(C$6,Responses!$1:$1,0))&""="","",IF(LEFT(INDEX(Responses!$A$2:$ZZ$2,1,MATCH(C$6,Responses!$1:$1,0)),1)="N","NA",VALUE(LEFT(INDEX(Responses!$A$2:$ZZ$2,1,MATCH(C$6,Responses!$1:$1,0)),1)))) -> 2 | D7: =IF(INDEX(Responses!$A$2:$ZZ$2,1,MATCH(D$6,Responses!$1:$1,0))&""="","",IF(LEFT(INDEX(Responses!$A$2:$ZZ$2,1,MATCH(D$6,Responses!$1:$1,0)),1)="N","NA",VALUE(LEFT(INDEX(Responses!$A$2:$ZZ$2,1,MATCH(D$6,Responses!$1:$1,0)),1)))) -> 3 | E7: =IF(INDEX(Responses!$A$2:$ZZ$2,1,MATCH(E$6,Responses!$1:$1,0))&""="","",IF(LEFT(INDEX(Responses!$A$2:$ZZ$2,1,MATCH(E$6,Responses!$1:$1,0)),1)="N","NA",VALUE(LEFT(INDEX(Responses!$A$2:$ZZ$2,1,MATCH(E$6,Responses!$1:$1,0)),1)))) -> 4 | F7: =IF(INDEX(Responses!$A$2:$ZZ$2,1,MATCH(F$6,Responses!$1:$1,0))&""="","",IF(LEFT(INDEX(Responses!$A$2:$ZZ$2,1,MATCH(F$6,Responses!$1:$1,0)),1)="N","NA",VALUE(LEFT(INDEX(Responses!$A$2:$ZZ$2,1,MATCH(F$6,Responses!$1:$1,0)),1)))) -> 4 | G7: =IF(INDEX(Responses!$A$2:$ZZ$2,1,MATCH(G$6,Responses!$1:$1,0))&""="","",IF(LEFT(INDEX(Responses!$A$2:$ZZ$2,1,MATCH(G$6,Responses!$1:$1,0)),1)="N","NA",VALUE(LEFT(INDEX(Responses!$A$2:$ZZ$2,1,MATCH(G$6,Responses!$1:$1,0)),1)))) -> 4 | H7: =IF(INDEX(Responses!$A$2:$ZZ$2,1,MATCH(H$6,Responses!$1:$1,0))&""="","",IF(LEFT(INDEX(Responses!$A$2:$ZZ$2,1,MATCH(H$6,Responses!$1:$1,0)),1)="N","NA",VALUE(LEFT(INDEX(Responses!$A$2:$ZZ$2,1,MATCH(H$6,Responses!$1:$1,0)),1)))) -> 1 | I7: =IF(INDEX(Responses!$A$2:$ZZ$2,1,MATCH(I$6,Responses!$1:$1,0))&""="","",IF(LEFT(INDEX(Responses!$A$2:$ZZ$2,1,MATCH(I$6,Responses!$1:$1,0)),1)="N","NA",VALUE(LEFT(INDEX(Responses!$A$2:$ZZ$2,1,MATCH(I$6,Responses!$1:$1,0)),1)))) -> 2 | ... ES7: =IF(INDEX(Responses!$A$2:$ZZ$2,1,MATCH(ES$6,Responses!$1:$1,0))&""="","",IF(LEFT(INDEX(Responses!$A$2:$ZZ$2,1,MATCH(ES$6,Responses!$1:$1,0)),1)="N","NA",VALUE(LEFT(INDEX(Responses!$A$2:$ZZ$2,1,MATCH(ES$6,Responses!$1:$1,0)),1)))) -> 6 | ET7: =--ISNUMBER(SEARCH(INDEX(Items!$G:$G,MATCH(ET$1,Items!$A:$A,0)),INDEX(Responses!$A$2:$ZZ$2,1,MATCH(ET$6,Responses!$1:$1,0)))) -> 0 | EU7: =--ISNUMBER(SEARCH(INDEX(Items!$G:$G,MATCH(EU$1,Items!$A:$A,0)),INDEX(Responses!$A$2:$ZZ$2,1,MATCH(EU$6,Responses!$1:$1,0)))) -> 0 | EV7: =--ISNUMBER(SEARCH(INDEX(Items!$G:$G,MATCH(EV$1,Items!$A:$A,0)),INDEX(Responses!$A$2:$ZZ$2,1,MATCH(EV$6,Responses!$1:$1,0)))) -> 1 | EW7: =--ISNUMBER(SEARCH(INDEX(Items!$G:$G,MATCH(EW$1,Items!$A:$A,0)),INDEX(Responses!$A$2:$ZZ$2,1,MATCH(EW$6,Responses!$1:$1,0)))) -> 1 | EX7: =--ISNUMBER(SEARCH(INDEX(Items!$G:$G,MATCH(EX$1,Items!$A:$A,0)),INDEX(Responses!$A$2:$ZZ$2,1,MATCH(EX$6,Responses!$1:$1,0)))) -> 0 | EY7: =--ISNUMBER(SEARCH(INDEX(Items!$G:$G,MATCH(EY$1,Items!$A:$A,0)),INDEX(Responses!$A$2:$ZZ$2,1,MATCH(EY$6,Responses!$1:$1,0)))) -> 0 | EZ7: =--ISNUMBER(SEARCH(INDEX(Items!$G:$G,MATCH(EZ$1,Items!$A:$A,0)),INDEX(Responses!$A$2:$ZZ$2,1,MATCH(EZ$6,Responses!$1:$1,0)))) -> 1 | FA7: =--ISNUMBER(SEARCH(INDEX(Items!$G:$G,MATCH(FA$1,Items!$A:$A,0)),INDEX(Responses!$A$2:$ZZ$2,1,MATCH(FA$6,Responses!$1:$1,0)))) -> 0 | ... FU7: =--ISNUMBER(SEARCH(INDEX(Items!$G:$G,MATCH(FU$1,Items!$A:$A,0)),INDEX(Responses!$A$2:$ZZ$2,1,MATCH(FU$6,Responses!$1:$1,0)))) -> 0
A8: =Responses!$D$3 -> Tom Lindqvist | B8: =IF(INDEX(Responses!$A$3:$ZZ$3,1,MATCH(B$6,Responses!$1:$1,0))&""="","",IF(LEFT(INDEX(Responses!$A$3:$ZZ$3,1,MATCH(B$6,Responses!$1:$1,0)),1)="N","NA",VALUE(LEFT(INDEX(Responses!$A$3:$ZZ$3,1,MATCH(B$6,Responses!$1:$1,0)),1)))) -> 2 | C8: =IF(INDEX(Responses!$A$3:$ZZ$3,1,MATCH(C$6,Responses!$1:$1,0))&""="","",IF(LEFT(INDEX(Responses!$A$3:$ZZ$3,1,MATCH(C$6,Responses!$1:$1,0)),1)="N","NA",VALUE(LEFT(INDEX(Responses!$A$3:$ZZ$3,1,MATCH(C$6,Responses!$1:$1,0)),1)))) -> 2 | D8: =IF(INDEX(Responses!$A$3:$ZZ$3,1,MATCH(D$6,Responses!$1:$1,0))&""="","",IF(LEFT(INDEX(Responses!$A$3:$ZZ$3,1,MATCH(D$6,Responses!$1:$1,0)),1)="N","NA",VALUE(LEFT(INDEX(Responses!$A$3:$ZZ$3,1,MATCH(D$6,Responses!$1:$1,0)),1)))) -> 1 | E8: =IF(INDEX(Responses!$A$3:$ZZ$3,1,MATCH(E$6,Responses!$1:$1,0))&""="","",IF(LEFT(INDEX(Responses!$A$3:$ZZ$3,1,MATCH(E$6,Responses!$1:$1,0)),1)="N","NA",VALUE(LEFT(INDEX(Responses!$A$3:$ZZ$3,1,MATCH(E$6,Responses!$1:$1,0)),1)))) -> 1 | F8: =IF(INDEX(Responses!$A$3:$ZZ$3,1,MATCH(F$6,Responses!$1:$1,0))&""="","",IF(LEFT(INDEX(Responses!$A$3:$ZZ$3,1,MATCH(F$6,Responses!$1:$1,0)),1)="N","NA",VALUE(LEFT(INDEX(Responses!$A$3:$ZZ$3,1,MATCH(F$6,Responses!$1:$1,0)),1)))) -> 1 | G8: =IF(INDEX(Responses!$A$3:$ZZ$3,1,MATCH(G$6,Responses!$1:$1,0))&""="","",IF(LEFT(INDEX(Responses!$A$3:$ZZ$3,1,MATCH(G$6,Responses!$1:$1,0)),1)="N","NA",VALUE(LEFT(INDEX(Responses!$A$3:$ZZ$3,1,MATCH(G$6,Responses!$1:$1,0)),1)))) -> 1 | H8: =IF(INDEX(Responses!$A$3:$ZZ$3,1,MATCH(H$6,Responses!$1:$1,0))&""="","",IF(LEFT(INDEX(Responses!$A$3:$ZZ$3,1,MATCH(H$6,Responses!$1:$1,0)),1)="N","NA",VALUE(LEFT(INDEX(Responses!$A$3:$ZZ$3,1,MATCH(H$6,Responses!$1:$1,0)),1)))) -> 4 | I8: =IF(INDEX(Responses!$A$3:$ZZ$3,1,MATCH(I$6,Responses!$1:$1,0))&""="","",IF(LEFT(INDEX(Responses!$A$3:$ZZ$3,1,MATCH(I$6,Responses!$1:$1,0)),1)="N","NA",VALUE(LEFT(INDEX(Responses!$A$3:$ZZ$3,1,MATCH(I$6,Responses!$1:$1,0)),1)))) -> 5 | ... ES8: =IF(INDEX(Responses!$A$3:$ZZ$3,1,MATCH(ES$6,Responses!$1:$1,0))&""="","",IF(LEFT(INDEX(Responses!$A$3:$ZZ$3,1,MATCH(ES$6,Responses!$1:$1,0)),1)="N","NA",VALUE(LEFT(INDEX(Responses!$A$3:$ZZ$3,1,MATCH(ES$6,Responses!$1:$1,0)),1)))) -> 3 | ET8: =--ISNUMBER(SEARCH(INDEX(Items!$G:$G,MATCH(ET$1,Items!$A:$A,0)),INDEX(Responses!$A$3:$ZZ$3,1,MATCH(ET$6,Responses!$1:$1,0)))) -> 1 | EU8: =--ISNUMBER(SEARCH(INDEX(Items!$G:$G,MATCH(EU$1,Items!$A:$A,0)),INDEX(Responses!$A$3:$ZZ$3,1,MATCH(EU$6,Responses!$1:$1,0)))) -> 0 | EV8: =--ISNUMBER(SEARCH(INDEX(Items!$G:$G,MATCH(EV$1,Items!$A:$A,0)),INDEX(Responses!$A$3:$ZZ$3,1,MATCH(EV$6,Responses!$1:$1,0)))) -> 0 | EW8: =--ISNUMBER(SEARCH(INDEX(Items!$G:$G,MATCH(EW$1,Items!$A:$A,0)),INDEX(Responses!$A$3:$ZZ$3,1,MATCH(EW$6,Responses!$1:$1,0)))) -> 0 | EX8: =--ISNUMBER(SEARCH(INDEX(Items!$G:$G,MATCH(EX$1,Items!$A:$A,0)),INDEX(Responses!$A$3:$ZZ$3,1,MATCH(EX$6,Responses!$1:$1,0)))) -> 0 | EY8: =--ISNUMBER(SEARCH(INDEX(Items!$G:$G,MATCH(EY$1,Items!$A:$A,0)),INDEX(Responses!$A$3:$ZZ$3,1,MATCH(EY$6,Responses!$1:$1,0)))) -> 0 | EZ8: =--ISNUMBER(SEARCH(INDEX(Items!$G:$G,MATCH(EZ$1,Items!$A:$A,0)),INDEX(Responses!$A$3:$ZZ$3,1,MATCH(EZ$6,Responses!$1:$1,0)))) -> 0 | FA8: =--ISNUMBER(SEARCH(INDEX(Items!$G:$G,MATCH(FA$1,Items!$A:$A,0)),INDEX(Responses!$A$3:$ZZ$3,1,MATCH(FA$6,Responses!$1:$1,0)))) -> 1 | ... FU8: =--ISNUMBER(SEARCH(INDEX(Items!$G:$G,MATCH(FU$1,Items!$A:$A,0)),INDEX(Responses!$A$3:$ZZ$3,1,MATCH(FU$6,Responses!$1:$1,0)))) -> 0
A9: =Responses!$D$4 -> Priya Raman | B9: =IF(INDEX(Responses!$A$4:$ZZ$4,1,MATCH(B$6,Responses!$1:$1,0))&""="","",IF(LEFT(INDEX(Responses!$A$4:$ZZ$4,1,MATCH(B$6,Responses!$1:$1,0)),1)="N","NA",VALUE(LEFT(INDEX(Responses!$A$4:$ZZ$4,1,MATCH(B$6,Responses!$1:$1,0)),1)))) -> 4 | C9: =IF(INDEX(Responses!$A$4:$ZZ$4,1,MATCH(C$6,Responses!$1:$1,0))&""="","",IF(LEFT(INDEX(Responses!$A$4:$ZZ$4,1,MATCH(C$6,Responses!$1:$1,0)),1)="N","NA",VALUE(LEFT(INDEX(Responses!$A$4:$ZZ$4,1,MATCH(C$6,Responses!$1:$1,0)),1)))) -> 1 | D9: =IF(INDEX(Responses!$A$4:$ZZ$4,1,MATCH(D$6,Responses!$1:$1,0))&""="","",IF(LEFT(INDEX(Responses!$A$4:$ZZ$4,1,MATCH(D$6,Responses!$1:$1,0)),1)="N","NA",VALUE(LEFT(INDEX(Responses!$A$4:$ZZ$4,1,MATCH(D$6,Responses!$1:$1,0)),1)))) -> 3 | E9: =IF(INDEX(Responses!$A$4:$ZZ$4,1,MATCH(E$6,Responses!$1:$1,0))&""="","",IF(LEFT(INDEX(Responses!$A$4:$ZZ$4,1,MATCH(E$6,Responses!$1:$1,0)),1)="N","NA",VALUE(LEFT(INDEX(Responses!$A$4:$ZZ$4,1,MATCH(E$6,Responses!$1:$1,0)),1)))) -> 4 | F9: =IF(INDEX(Responses!$A$4:$ZZ$4,1,MATCH(F$6,Responses!$1:$1,0))&""="","",IF(LEFT(INDEX(Responses!$A$4:$ZZ$4,1,MATCH(F$6,Responses!$1:$1,0)),1)="N","NA",VALUE(LEFT(INDEX(Responses!$A$4:$ZZ$4,1,MATCH(F$6,Responses!$1:$1,0)),1)))) -> 2 | G9: =IF(INDEX(Responses!$A$4:$ZZ$4,1,MATCH(G$6,Responses!$1:$1,0))&""="","",IF(LEFT(INDEX(Responses!$A$4:$ZZ$4,1,MATCH(G$6,Responses!$1:$1,0)),1)="N","NA",VALUE(LEFT(INDEX(Responses!$A$4:$ZZ$4,1,MATCH(G$6,Responses!$1:$1,0)),1)))) -> 3 | H9: =IF(INDEX(Responses!$A$4:$ZZ$4,1,MATCH(H$6,Responses!$1:$1,0))&""="","",IF(LEFT(INDEX(Responses!$A$4:$ZZ$4,1,MATCH(H$6,Responses!$1:$1,0)),1)="N","NA",VALUE(LEFT(INDEX(Responses!$A$4:$ZZ$4,1,MATCH(H$6,Responses!$1:$1,0)),1)))) -> 3 | I9: =IF(INDEX(Responses!$A$4:$ZZ$4,1,MATCH(I$6,Responses!$1:$1,0))&""="","",IF(LEFT(INDEX(Responses!$A$4:$ZZ$4,1,MATCH(I$6,Responses!$1:$1,0)),1)="N","NA",VALUE(LEFT(INDEX(Responses!$A$4:$ZZ$4,1,MATCH(I$6,Responses!$1:$1,0)),1)))) -> 2 | ... ES9: =IF(INDEX(Responses!$A$4:$ZZ$4,1,MATCH(ES$6,Responses!$1:$1,0))&""="","",IF(LEFT(INDEX(Responses!$A$4:$ZZ$4,1,MATCH(ES$6,Responses!$1:$1,0)),1)="N","NA",VALUE(LEFT(INDEX(Responses!$A$4:$ZZ$4,1,MATCH(ES$6,Responses!$1:$1,0)),1)))) -> 4 | ET9: =--ISNUMBER(SEARCH(INDEX(Items!$G:$G,MATCH(ET$1,Items!$A:$A,0)),INDEX(Responses!$A$4:$ZZ$4,1,MATCH(ET$6,Responses!$1:$1,0)))) -> 0 | EU9: =--ISNUMBER(SEARCH(INDEX(Items!$G:$G,MATCH(EU$1,Items!$A:$A,0)),INDEX(Responses!$A$4:$ZZ$4,1,MATCH(EU$6,Responses!$1:$1,0)))) -> 0 | EV9: =--ISNUMBER(SEARCH(INDEX(Items!$G:$G,MATCH(EV$1,Items!$A:$A,0)),INDEX(Responses!$A$4:$ZZ$4,1,MATCH(EV$6,Responses!$1:$1,0)))) -> 1 | EW9: =--ISNUMBER(SEARCH(INDEX(Items!$G:$G,MATCH(EW$1,Items!$A:$A,0)),INDEX(Responses!$A$4:$ZZ$4,1,MATCH(EW$6,Responses!$1:$1,0)))) -> 0 | EX9: =--ISNUMBER(SEARCH(INDEX(Items!$G:$G,MATCH(EX$1,Items!$A:$A,0)),INDEX(Responses!$A$4:$ZZ$4,1,MATCH(EX$6,Responses!$1:$1,0)))) -> 0 | EY9: =--ISNUMBER(SEARCH(INDEX(Items!$G:$G,MATCH(EY$1,Items!$A:$A,0)),INDEX(Responses!$A$4:$ZZ$4,1,MATCH(EY$6,Responses!$1:$1,0)))) -> 1 | EZ9: =--ISNUMBER(SEARCH(INDEX(Items!$G:$G,MATCH(EZ$1,Items!$A:$A,0)),INDEX(Responses!$A$4:$ZZ$4,1,MATCH(EZ$6,Responses!$1:$1,0)))) -> 0 | FA9: =--ISNUMBER(SEARCH(INDEX(Items!$G:$G,MATCH(FA$1,Items!$A:$A,0)),INDEX(Responses!$A$4:$ZZ$4,1,MATCH(FA$6,Responses!$1:$1,0)))) -> 0 | ... FU9: =--ISNUMBER(SEARCH(INDEX(Items!$G:$G,MATCH(FU$1,Items!$A:$A,0)),INDEX(Responses!$A$4:$ZZ$4,1,MATCH(FU$6,Responses!$1:$1,0)))) -> 0
A10: =Responses!$D$5 -> Daniel Cho | B10: =IF(INDEX(Responses!$A$5:$ZZ$5,1,MATCH(B$6,Responses!$1:$1,0))&""="","",IF(LEFT(INDEX(Responses!$A$5:$ZZ$5,1,MATCH(B$6,Responses!$1:$1,0)),1)="N","NA",VALUE(LEFT(INDEX(Responses!$A$5:$ZZ$5,1,MATCH(B$6,Responses!$1:$1,0)),1)))) -> 4 | C10: =IF(INDEX(Responses!$A$5:$ZZ$5,1,MATCH(C$6,Responses!$1:$1,0))&""="","",IF(LEFT(INDEX(Responses!$A$5:$ZZ$5,1,MATCH(C$6,Responses!$1:$1,0)),1)="N","NA",VALUE(LEFT(INDEX(Responses!$A$5:$ZZ$5,1,MATCH(C$6,Responses!$1:$1,0)),1)))) -> 2 | D10: =IF(INDEX(Responses!$A$5:$ZZ$5,1,MATCH(D$6,Responses!$1:$1,0))&""="","",IF(LEFT(INDEX(Responses!$A$5:$ZZ$5,1,MATCH(D$6,Responses!$1:$1,0)),1)="N","NA",VALUE(LEFT(INDEX(Responses!$A$5:$ZZ$5,1,MATCH(D$6,Responses!$1:$1,0)),1)))) -> 3 | E10: =IF(INDEX(Responses!$A$5:$ZZ$5,1,MATCH(E$6,Responses!$1:$1,0))&""="","",IF(LEFT(INDEX(Responses!$A$5:$ZZ$5,1,MATCH(E$6,Responses!$1:$1,0)),1)="N","NA",VALUE(LEFT(INDEX(Responses!$A$5:$ZZ$5,1,MATCH(E$6,Responses!$1:$1,0)),1)))) -> 1 | F10: =IF(INDEX(Responses!$A$5:$ZZ$5,1,MATCH(F$6,Responses!$1:$1,0))&""="","",IF(LEFT(INDEX(Responses!$A$5:$ZZ$5,1,MATCH(F$6,Responses!$1:$1,0)),1)="N","NA",VALUE(LEFT(INDEX(Responses!$A$5:$ZZ$5,1,MATCH(F$6,Responses!$1:$1,0)),1)))) -> 1 | G10: =IF(INDEX(Responses!$A$5:$ZZ$5,1,MATCH(G$6,Responses!$1:$1,0))&""="","",IF(LEFT(INDEX(Responses!$A$5:$ZZ$5,1,MATCH(G$6,Responses!$1:$1,0)),1)="N","NA",VALUE(LEFT(INDEX(Responses!$A$5:$ZZ$5,1,MATCH(G$6,Responses!$1:$1,0)),1)))) -> 2 | H10: =IF(INDEX(Responses!$A$5:$ZZ$5,1,MATCH(H$6,Responses!$1:$1,0))&""="","",IF(LEFT(INDEX(Responses!$A$5:$ZZ$5,1,MATCH(H$6,Responses!$1:$1,0)),1)="N","NA",VALUE(LEFT(INDEX(Responses!$A$5:$ZZ$5,1,MATCH(H$6,Responses!$1:$1,0)),1)))) -> 3 | I10: =IF(INDEX(Responses!$A$5:$ZZ$5,1,MATCH(I$6,Responses!$1:$1,0))&""="","",IF(LEFT(INDEX(Responses!$A$5:$ZZ$5,1,MATCH(I$6,Responses!$1:$1,0)),1)="N","NA",VALUE(LEFT(INDEX(Responses!$A$5:$ZZ$5,1,MATCH(I$6,Responses!$1:$1,0)),1)))) -> 4 | ... ES10: =IF(INDEX(Responses!$A$5:$ZZ$5,1,MATCH(ES$6,Responses!$1:$1,0))&""="","",IF(LEFT(INDEX(Responses!$A$5:$ZZ$5,1,MATCH(ES$6,Responses!$1:$1,0)),1)="N","NA",VALUE(LEFT(INDEX(Responses!$A$5:$ZZ$5,1,MATCH(ES$6,Responses!$1:$1,0)),1)))) -> 3 | ET10: =--ISNUMBER(SEARCH(INDEX(Items!$G:$G,MATCH(ET$1,Items!$A:$A,0)),INDEX(Responses!$A$5:$ZZ$5,1,MATCH(ET$6,Responses!$1:$1,0)))) -> 0 | EU10: =--ISNUMBER(SEARCH(INDEX(Items!$G:$G,MATCH(EU$1,Items!$A:$A,0)),INDEX(Responses!$A$5:$ZZ$5,1,MATCH(EU$6,Responses!$1:$1,0)))) -> 1 | EV10: =--ISNUMBER(SEARCH(INDEX(Items!$G:$G,MATCH(EV$1,Items!$A:$A,0)),INDEX(Responses!$A$5:$ZZ$5,1,MATCH(EV$6,Responses!$1:$1,0)))) -> 0 | EW10: =--ISNUMBER(SEARCH(INDEX(Items!$G:$G,MATCH(EW$1,Items!$A:$A,0)),INDEX(Responses!$A$5:$ZZ$5,1,MATCH(EW$6,Responses!$1:$1,0)))) -> 0 | EX10: =--ISNUMBER(SEARCH(INDEX(Items!$G:$G,MATCH(EX$1,Items!$A:$A,0)),INDEX(Responses!$A$5:$ZZ$5,1,MATCH(EX$6,Responses!$1:$1,0)))) -> 0 | EY10: =--ISNUMBER(SEARCH(INDEX(Items!$G:$G,MATCH(EY$1,Items!$A:$A,0)),INDEX(Responses!$A$5:$ZZ$5,1,MATCH(EY$6,Responses!$1:$1,0)))) -> 0 | EZ10: =--ISNUMBER(SEARCH(INDEX(Items!$G:$G,MATCH(EZ$1,Items!$A:$A,0)),INDEX(Responses!$A$5:$ZZ$5,1,MATCH(EZ$6,Responses!$1:$1,0)))) -> 0 | FA10: =--ISNUMBER(SEARCH(INDEX(Items!$G:$G,MATCH(FA$1,Items!$A:$A,0)),INDEX(Responses!$A$5:$ZZ$5,1,MATCH(FA$6,Responses!$1:$1,0)))) -> 0 | ... FU10: =--ISNUMBER(SEARCH(INDEX(Items!$G:$G,MATCH(FU$1,Items!$A:$A,0)),INDEX(Responses!$A$5:$ZZ$5,1,MATCH(FU$6,Responses!$1:$1,0)))) -> 0
A11: =Responses!$D$6 -> Sofia Marchetti | B11: =IF(INDEX(Responses!$A$6:$ZZ$6,1,MATCH(B$6,Responses!$1:$1,0))&""="","",IF(LEFT(INDEX(Responses!$A$6:$ZZ$6,1,MATCH(B$6,Responses!$1:$1,0)),1)="N","NA",VALUE(LEFT(INDEX(Responses!$A$6:$ZZ$6,1,MATCH(B$6,Responses!$1:$1,0)),1)))) -> 3 | C11: =IF(INDEX(Responses!$A$6:$ZZ$6,1,MATCH(C$6,Responses!$1:$1,0))&""="","",IF(LEFT(INDEX(Responses!$A$6:$ZZ$6,1,MATCH(C$6,Responses!$1:$1,0)),1)="N","NA",VALUE(LEFT(INDEX(Responses!$A$6:$ZZ$6,1,MATCH(C$6,Responses!$1:$1,0)),1)))) -> 1 | D11: =IF(INDEX(Responses!$A$6:$ZZ$6,1,MATCH(D$6,Responses!$1:$1,0))&""="","",IF(LEFT(INDEX(Responses!$A$6:$ZZ$6,1,MATCH(D$6,Responses!$1:$1,0)),1)="N","NA",VALUE(LEFT(INDEX(Responses!$A$6:$ZZ$6,1,MATCH(D$6,Responses!$1:$1,0)),1)))) -> 4 | E11: =IF(INDEX(Responses!$A$6:$ZZ$6,1,MATCH(E$6,Responses!$1:$1,0))&""="","",IF(LEFT(INDEX(Responses!$A$6:$ZZ$6,1,MATCH(E$6,Responses!$1:$1,0)),1)="N","NA",VALUE(LEFT(INDEX(Responses!$A$6:$ZZ$6,1,MATCH(E$6,Responses!$1:$1,0)),1)))) -> 2 | F11: =IF(INDEX(Responses!$A$6:$ZZ$6,1,MATCH(F$6,Responses!$1:$1,0))&""="","",IF(LEFT(INDEX(Responses!$A$6:$ZZ$6,1,MATCH(F$6,Responses!$1:$1,0)),1)="N","NA",VALUE(LEFT(INDEX(Responses!$A$6:$ZZ$6,1,MATCH(F$6,Responses!$1:$1,0)),1)))) -> 1 | G11: =IF(INDEX(Responses!$A$6:$ZZ$6,1,MATCH(G$6,Responses!$1:$1,0))&""="","",IF(LEFT(INDEX(Responses!$A$6:$ZZ$6,1,MATCH(G$6,Responses!$1:$1,0)),1)="N","NA",VALUE(LEFT(INDEX(Responses!$A$6:$ZZ$6,1,MATCH(G$6,Responses!$1:$1,0)),1)))) -> 2 | H11: =IF(INDEX(Responses!$A$6:$ZZ$6,1,MATCH(H$6,Responses!$1:$1,0))&""="","",IF(LEFT(INDEX(Responses!$A$6:$ZZ$6,1,MATCH(H$6,Responses!$1:$1,0)),1)="N","NA",VALUE(LEFT(INDEX(Responses!$A$6:$ZZ$6,1,MATCH(H$6,Responses!$1:$1,0)),1)))) -> 3 | I11: =IF(INDEX(Responses!$A$6:$ZZ$6,1,MATCH(I$6,Responses!$1:$1,0))&""="","",IF(LEFT(INDEX(Responses!$A$6:$ZZ$6,1,MATCH(I$6,Responses!$1:$1,0)),1)="N","NA",VALUE(LEFT(INDEX(Responses!$A$6:$ZZ$6,1,MATCH(I$6,Responses!$1:$1,0)),1)))) -> 3 | ... ES11: =IF(INDEX(Responses!$A$6:$ZZ$6,1,MATCH(ES$6,Responses!$1:$1,0))&""="","",IF(LEFT(INDEX(Responses!$A$6:$ZZ$6,1,MATCH(ES$6,Responses!$1:$1,0)),1)="N","NA",VALUE(LEFT(INDEX(Responses!$A$6:$ZZ$6,1,MATCH(ES$6,Responses!$1:$1,0)),1)))) -> 5 | ET11: =--ISNUMBER(SEARCH(INDEX(Items!$G:$G,MATCH(ET$1,Items!$A:$A,0)),INDEX(Responses!$A$6:$ZZ$6,1,MATCH(ET$6,Responses!$1:$1,0)))) -> 0 | EU11: =--ISNUMBER(SEARCH(INDEX(Items!$G:$G,MATCH(EU$1,Items!$A:$A,0)),INDEX(Responses!$A$6:$ZZ$6,1,MATCH(EU$6,Responses!$1:$1,0)))) -> 1 | EV11: =--ISNUMBER(SEARCH(INDEX(Items!$G:$G,MATCH(EV$1,Items!$A:$A,0)),INDEX(Responses!$A$6:$ZZ$6,1,MATCH(EV$6,Responses!$1:$1,0)))) -> 0 | EW11: =--ISNUMBER(SEARCH(INDEX(Items!$G:$G,MATCH(EW$1,Items!$A:$A,0)),INDEX(Responses!$A$6:$ZZ$6,1,MATCH(EW$6,Responses!$1:$1,0)))) -> 0 | EX11: =--ISNUMBER(SEARCH(INDEX(Items!$G:$G,MATCH(EX$1,Items!$A:$A,0)),INDEX(Responses!$A$6:$ZZ$6,1,MATCH(EX$6,Responses!$1:$1,0)))) -> 0 | EY11: =--ISNUMBER(SEARCH(INDEX(Items!$G:$G,MATCH(EY$1,Items!$A:$A,0)),INDEX(Responses!$A$6:$ZZ$6,1,MATCH(EY$6,Responses!$1:$1,0)))) -> 0 | EZ11: =--ISNUMBER(SEARCH(INDEX(Items!$G:$G,MATCH(EZ$1,Items!$A:$A,0)),INDEX(Responses!$A$6:$ZZ$6,1,MATCH(EZ$6,Responses!$1:$1,0)))) -> 0 | FA11: =--ISNUMBER(SEARCH(INDEX(Items!$G:$G,MATCH(FA$1,Items!$A:$A,0)),INDEX(Responses!$A$6:$ZZ$6,1,MATCH(FA$6,Responses!$1:$1,0)))) -> 1 | ... FU11: =--ISNUMBER(SEARCH(INDEX(Items!$G:$G,MATCH(FU$1,Items!$A:$A,0)),INDEX(Responses!$A$6:$ZZ$6,1,MATCH(FU$6,Responses!$1:$1,0)))) -> 0
A12: =Responses!$D$7 -> Liam O'Connor | B12: =IF(INDEX(Responses!$A$7:$ZZ$7,1,MATCH(B$6,Responses!$1:$1,0))&""="","",IF(LEFT(INDEX(Responses!$A$7:$ZZ$7,1,MATCH(B$6,Responses!$1:$1,0)),1)="N","NA",VALUE(LEFT(INDEX(Responses!$A$7:$ZZ$7,1,MATCH(B$6,Responses!$1:$1,0)),1)))) -> 4 | C12: =IF(INDEX(Responses!$A$7:$ZZ$7,1,MATCH(C$6,Responses!$1:$1,0))&""="","",IF(LEFT(INDEX(Responses!$A$7:$ZZ$7,1,MATCH(C$6,Responses!$1:$1,0)),1)="N","NA",VALUE(LEFT(INDEX(Responses!$A$7:$ZZ$7,1,MATCH(C$6,Responses!$1:$1,0)),1)))) -> 1 | D12: =IF(INDEX(Responses!$A$7:$ZZ$7,1,MATCH(D$6,Responses!$1:$1,0))&""="","",IF(LEFT(INDEX(Responses!$A$7:$ZZ$7,1,MATCH(D$6,Responses!$1:$1,0)),1)="N","NA",VALUE(LEFT(INDEX(Responses!$A$7:$ZZ$7,1,MATCH(D$6,Responses!$1:$1,0)),1)))) -> 2 | E12: =IF(INDEX(Responses!$A$7:$ZZ$7,1,MATCH(E$6,Responses!$1:$1,0))&""="","",IF(LEFT(INDEX(Responses!$A$7:$ZZ$7,1,MATCH(E$6,Responses!$1:$1,0)),1)="N","NA",VALUE(LEFT(INDEX(Responses!$A$7:$ZZ$7,1,MATCH(E$6,Responses!$1:$1,0)),1)))) -> 2 | F12: =IF(INDEX(Responses!$A$7:$ZZ$7,1,MATCH(F$6,Responses!$1:$1,0))&""="","",IF(LEFT(INDEX(Responses!$A$7:$ZZ$7,1,MATCH(F$6,Responses!$1:$1,0)),1)="N","NA",VALUE(LEFT(INDEX(Responses!$A$7:$ZZ$7,1,MATCH(F$6,Responses!$1:$1,0)),1)))) -> 4 | G12: =IF(INDEX(Responses!$A$7:$ZZ$7,1,MATCH(G$6,Responses!$1:$1,0))&""="","",IF(LEFT(INDEX(Responses!$A$7:$ZZ$7,1,MATCH(G$6,Responses!$1:$1,0)),1)="N","NA",VALUE(LEFT(INDEX(Responses!$A$7:$ZZ$7,1,MATCH(G$6,Responses!$1:$1,0)),1)))) -> 3 | H12: =IF(INDEX(Responses!$A$7:$ZZ$7,1,MATCH(H$6,Responses!$1:$1,0))&""="","",IF(LEFT(INDEX(Responses!$A$7:$ZZ$7,1,MATCH(H$6,Responses!$1:$1,0)),1)="N","NA",VALUE(LEFT(INDEX(Responses!$A$7:$ZZ$7,1,MATCH(H$6,Responses!$1:$1,0)),1)))) -> 3 | I12: =IF(INDEX(Responses!$A$7:$ZZ$7,1,MATCH(I$6,Responses!$1:$1,0))&""="","",IF(LEFT(INDEX(Responses!$A$7:$ZZ$7,1,MATCH(I$6,Responses!$1:$1,0)),1)="N","NA",VALUE(LEFT(INDEX(Responses!$A$7:$ZZ$7,1,MATCH(I$6,Responses!$1:$1,0)),1)))) -> 2 | ... ES12: =IF(INDEX(Responses!$A$7:$ZZ$7,1,MATCH(ES$6,Responses!$1:$1,0))&""="","",IF(LEFT(INDEX(Responses!$A$7:$ZZ$7,1,MATCH(ES$6,Responses!$1:$1,0)),1)="N","NA",VALUE(LEFT(INDEX(Responses!$A$7:$ZZ$7,1,MATCH(ES$6,Responses!$1:$1,0)),1)))) -> NA | ET12: =--ISNUMBER(SEARCH(INDEX(Items!$G:$G,MATCH(ET$1,Items!$A:$A,0)),INDEX(Responses!$A$7:$ZZ$7,1,MATCH(ET$6,Responses!$1:$1,0)))) -> 0 | EU12: =--ISNUMBER(SEARCH(INDEX(Items!$G:$G,MATCH(EU$1,Items!$A:$A,0)),INDEX(Responses!$A$7:$ZZ$7,1,MATCH(EU$6,Responses!$1:$1,0)))) -> 0 | EV12: =--ISNUMBER(SEARCH(INDEX(Items!$G:$G,MATCH(EV$1,Items!$A:$A,0)),INDEX(Responses!$A$7:$ZZ$7,1,MATCH(EV$6,Responses!$1:$1,0)))) -> 1 | EW12: =--ISNUMBER(SEARCH(INDEX(Items!$G:$G,MATCH(EW$1,Items!$A:$A,0)),INDEX(Responses!$A$7:$ZZ$7,1,MATCH(EW$6,Responses!$1:$1,0)))) -> 1 | EX12: =--ISNUMBER(SEARCH(INDEX(Items!$G:$G,MATCH(EX$1,Items!$A:$A,0)),INDEX(Responses!$A$7:$ZZ$7,1,MATCH(EX$6,Responses!$1:$1,0)))) -> 0 | EY12: =--ISNUMBER(SEARCH(INDEX(Items!$G:$G,MATCH(EY$1,Items!$A:$A,0)),INDEX(Responses!$A$7:$ZZ$7,1,MATCH(EY$6,Responses!$1:$1,0)))) -> 0 | EZ12: =--ISNUMBER(SEARCH(INDEX(Items!$G:$G,MATCH(EZ$1,Items!$A:$A,0)),INDEX(Responses!$A$7:$ZZ$7,1,MATCH(EZ$6,Responses!$1:$1,0)))) -> 1 | FA12: =--ISNUMBER(SEARCH(INDEX(Items!$G:$G,MATCH(FA$1,Items!$A:$A,0)),INDEX(Responses!$A$7:$ZZ$7,1,MATCH(FA$6,Responses!$1:$1,0)))) -> 0 | ... FU12: =--ISNUMBER(SEARCH(INDEX(Items!$G:$G,MATCH(FU$1,Items!$A:$A,0)),INDEX(Responses!$A$7:$ZZ$7,1,MATCH(FU$6,Responses!$1:$1,0)))) -> 0
A13: =Responses!$D$8 -> Aisha Bello | B13: =IF(INDEX(Responses!$A$8:$ZZ$8,1,MATCH(B$6,Responses!$1:$1,0))&""="","",IF(LEFT(INDEX(Responses!$A$8:$ZZ$8,1,MATCH(B$6,Responses!$1:$1,0)),1)="N","NA",VALUE(LEFT(INDEX(Responses!$A$8:$ZZ$8,1,MATCH(B$6,Responses!$1:$1,0)),1)))) -> 3 | C13: =IF(INDEX(Responses!$A$8:$ZZ$8,1,MATCH(C$6,Responses!$1:$1,0))&""="","",IF(LEFT(INDEX(Responses!$A$8:$ZZ$8,1,MATCH(C$6,Responses!$1:$1,0)),1)="N","NA",VALUE(LEFT(INDEX(Responses!$A$8:$ZZ$8,1,MATCH(C$6,Responses!$1:$1,0)),1)))) -> 1 | D13: =IF(INDEX(Responses!$A$8:$ZZ$8,1,MATCH(D$6,Responses!$1:$1,0))&""="","",IF(LEFT(INDEX(Responses!$A$8:$ZZ$8,1,MATCH(D$6,Responses!$1:$1,0)),1)="N","NA",VALUE(LEFT(INDEX(Responses!$A$8:$ZZ$8,1,MATCH(D$6,Responses!$1:$1,0)),1)))) -> 4 | E13: =IF(INDEX(Responses!$A$8:$ZZ$8,1,MATCH(E$6,Responses!$1:$1,0))&""="","",IF(LEFT(INDEX(Responses!$A$8:$ZZ$8,1,MATCH(E$6,Responses!$1:$1,0)),1)="N","NA",VALUE(LEFT(INDEX(Responses!$A$8:$ZZ$8,1,MATCH(E$6,Responses!$1:$1,0)),1)))) -> 1 | F13: =IF(INDEX(Responses!$A$8:$ZZ$8,1,MATCH(F$6,Responses!$1:$1,0))&""="","",IF(LEFT(INDEX(Responses!$A$8:$ZZ$8,1,MATCH(F$6,Responses!$1:$1,0)),1)="N","NA",VALUE(LEFT(INDEX(Responses!$A$8:$ZZ$8,1,MATCH(F$6,Responses!$1:$1,0)),1)))) -> 1 | G13: =IF(INDEX(Responses!$A$8:$ZZ$8,1,MATCH(G$6,Responses!$1:$1,0))&""="","",IF(LEFT(INDEX(Responses!$A$8:$ZZ$8,1,MATCH(G$6,Responses!$1:$1,0)),1)="N","NA",VALUE(LEFT(INDEX(Responses!$A$8:$ZZ$8,1,MATCH(G$6,Responses!$1:$1,0)),1)))) -> 3 | H13: =IF(INDEX(Responses!$A$8:$ZZ$8,1,MATCH(H$6,Responses!$1:$1,0))&""="","",IF(LEFT(INDEX(Responses!$A$8:$ZZ$8,1,MATCH(H$6,Responses!$1:$1,0)),1)="N","NA",VALUE(LEFT(INDEX(Responses!$A$8:$ZZ$8,1,MATCH(H$6,Responses!$1:$1,0)),1)))) -> 2 | I13: =IF(INDEX(Responses!$A$8:$ZZ$8,1,MATCH(I$6,Responses!$1:$1,0))&""="","",IF(LEFT(INDEX(Responses!$A$8:$ZZ$8,1,MATCH(I$6,Responses!$1:$1,0)),1)="N","NA",VALUE(LEFT(INDEX(Responses!$A$8:$ZZ$8,1,MATCH(I$6,Responses!$1:$1,0)),1)))) -> 4 | ... ES13: =IF(INDEX(Responses!$A$8:$ZZ$8,1,MATCH(ES$6,Responses!$1:$1,0))&""="","",IF(LEFT(INDEX(Responses!$A$8:$ZZ$8,1,MATCH(ES$6,Responses!$1:$1,0)),1)="N","NA",VALUE(LEFT(INDEX(Responses!$A$8:$ZZ$8,1,MATCH(ES$6,Responses!$1:$1,0)),1)))) -> 4 | ET13: =--ISNUMBER(SEARCH(INDEX(Items!$G:$G,MATCH(ET$1,Items!$A:$A,0)),INDEX(Responses!$A$8:$ZZ$8,1,MATCH(ET$6,Responses!$1:$1,0)))) -> 1 | EU13: =--ISNUMBER(SEARCH(INDEX(Items!$G:$G,MATCH(EU$1,Items!$A:$A,0)),INDEX(Responses!$A$8:$ZZ$8,1,MATCH(EU$6,Responses!$1:$1,0)))) -> 0 | EV13: =--ISNUMBER(SEARCH(INDEX(Items!$G:$G,MATCH(EV$1,Items!$A:$A,0)),INDEX(Responses!$A$8:$ZZ$8,1,MATCH(EV$6,Responses!$1:$1,0)))) -> 0 | EW13: =--ISNUMBER(SEARCH(INDEX(Items!$G:$G,MATCH(EW$1,Items!$A:$A,0)),INDEX(Responses!$A$8:$ZZ$8,1,MATCH(EW$6,Responses!$1:$1,0)))) -> 0 | EX13: =--ISNUMBER(SEARCH(INDEX(Items!$G:$G,MATCH(EX$1,Items!$A:$A,0)),INDEX(Responses!$A$8:$ZZ$8,1,MATCH(EX$6,Responses!$1:$1,0)))) -> 0 | EY13: =--ISNUMBER(SEARCH(INDEX(Items!$G:$G,MATCH(EY$1,Items!$A:$A,0)),INDEX(Responses!$A$8:$ZZ$8,1,MATCH(EY$6,Responses!$1:$1,0)))) -> 0 | EZ13: =--ISNUMBER(SEARCH(INDEX(Items!$G:$G,MATCH(EZ$1,Items!$A:$A,0)),INDEX(Responses!$A$8:$ZZ$8,1,MATCH(EZ$6,Responses!$1:$1,0)))) -> 0 | FA13: =--ISNUMBER(SEARCH(INDEX(Items!$G:$G,MATCH(FA$1,Items!$A:$A,0)),INDEX(Responses!$A$8:$ZZ$8,1,MATCH(FA$6,Responses!$1:$1,0)))) -> 0 | ... FU13: =--ISNUMBER(SEARCH(INDEX(Items!$G:$G,MATCH(FU$1,Items!$A:$A,0)),INDEX(Responses!$A$8:$ZZ$8,1,MATCH(FU$6,Responses!$1:$1,0)))) -> 1
A14: =Responses!$D$9 -> Jonas Weber | B14: =IF(INDEX(Responses!$A$9:$ZZ$9,1,MATCH(B$6,Responses!$1:$1,0))&""="","",IF(LEFT(INDEX(Responses!$A$9:$ZZ$9,1,MATCH(B$6,Responses!$1:$1,0)),1)="N","NA",VALUE(LEFT(INDEX(Responses!$A$9:$ZZ$9,1,MATCH(B$6,Responses!$1:$1,0)),1)))) -> 3 | C14: =IF(INDEX(Responses!$A$9:$ZZ$9,1,MATCH(C$6,Responses!$1:$1,0))&""="","",IF(LEFT(INDEX(Responses!$A$9:$ZZ$9,1,MATCH(C$6,Responses!$1:$1,0)),1)="N","NA",VALUE(LEFT(INDEX(Responses!$A$9:$ZZ$9,1,MATCH(C$6,Responses!$1:$1,0)),1)))) -> 1 | D14: =IF(INDEX(Responses!$A$9:$ZZ$9,1,MATCH(D$6,Responses!$1:$1,0))&""="","",IF(LEFT(INDEX(Responses!$A$9:$ZZ$9,1,MATCH(D$6,Responses!$1:$1,0)),1)="N","NA",VALUE(LEFT(INDEX(Responses!$A$9:$ZZ$9,1,MATCH(D$6,Responses!$1:$1,0)),1)))) -> 2 | E14: =IF(INDEX(Responses!$A$9:$ZZ$9,1,MATCH(E$6,Responses!$1:$1,0))&""="","",IF(LEFT(INDEX(Responses!$A$9:$ZZ$9,1,MATCH(E$6,Responses!$1:$1,0)),1)="N","NA",VALUE(LEFT(INDEX(Responses!$A$9:$ZZ$9,1,MATCH(E$6,Responses!$1:$1,0)),1)))) -> 1 | F14: =IF(INDEX(Responses!$A$9:$ZZ$9,1,MATCH(F$6,Responses!$1:$1,0))&""="","",IF(LEFT(INDEX(Responses!$A$9:$ZZ$9,1,MATCH(F$6,Responses!$1:$1,0)),1)="N","NA",VALUE(LEFT(INDEX(Responses!$A$9:$ZZ$9,1,MATCH(F$6,Responses!$1:$1,0)),1)))) -> 1 | G14: =IF(INDEX(Responses!$A$9:$ZZ$9,1,MATCH(G$6,Responses!$1:$1,0))&""="","",IF(LEFT(INDEX(Responses!$A$9:$ZZ$9,1,MATCH(G$6,Responses!$1:$1,0)),1)="N","NA",VALUE(LEFT(INDEX(Responses!$A$9:$ZZ$9,1,MATCH(G$6,Responses!$1:$1,0)),1)))) -> 3 | H14: =IF(INDEX(Responses!$A$9:$ZZ$9,1,MATCH(H$6,Responses!$1:$1,0))&""="","",IF(LEFT(INDEX(Responses!$A$9:$ZZ$9,1,MATCH(H$6,Responses!$1:$1,0)),1)="N","NA",VALUE(LEFT(INDEX(Responses!$A$9:$ZZ$9,1,MATCH(H$6,Responses!$1:$1,0)),1)))) -> 3 | I14: =IF(INDEX(Responses!$A$9:$ZZ$9,1,MATCH(I$6,Responses!$1:$1,0))&""="","",IF(LEFT(INDEX(Responses!$A$9:$ZZ$9,1,MATCH(I$6,Responses!$1:$1,0)),1)="N","NA",VALUE(LEFT(INDEX(Responses!$A$9:$ZZ$9,1,MATCH(I$6,Responses!$1:$1,0)),1)))) -> 3 | ... ES14: =IF(INDEX(Responses!$A$9:$ZZ$9,1,MATCH(ES$6,Responses!$1:$1,0))&""="","",IF(LEFT(INDEX(Responses!$A$9:$ZZ$9,1,MATCH(ES$6,Responses!$1:$1,0)),1)="N","NA",VALUE(LEFT(INDEX(Responses!$A$9:$ZZ$9,1,MATCH(ES$6,Responses!$1:$1,0)),1)))) -> 4 | ET14: =--ISNUMBER(SEARCH(INDEX(Items!$G:$G,MATCH(ET$1,Items!$A:$A,0)),INDEX(Responses!$A$9:$ZZ$9,1,MATCH(ET$6,Responses!$1:$1,0)))) -> 0 | EU14: =--ISNUMBER(SEARCH(INDEX(Items!$G:$G,MATCH(EU$1,Items!$A:$A,0)),INDEX(Responses!$A$9:$ZZ$9,1,MATCH(EU$6,Responses!$1:$1,0)))) -> 0 | EV14: =--ISNUMBER(SEARCH(INDEX(Items!$G:$G,MATCH(EV$1,Items!$A:$A,0)),INDEX(Responses!$A$9:$ZZ$9,1,MATCH(EV$6,Responses!$1:$1,0)))) -> 1 | EW14: =--ISNUMBER(SEARCH(INDEX(Items!$G:$G,MATCH(EW$1,Items!$A:$A,0)),INDEX(Responses!$A$9:$ZZ$9,1,MATCH(EW$6,Responses!$1:$1,0)))) -> 0 | EX14: =--ISNUMBER(SEARCH(INDEX(Items!$G:$G,MATCH(EX$1,Items!$A:$A,0)),INDEX(Responses!$A$9:$ZZ$9,1,MATCH(EX$6,Responses!$1:$1,0)))) -> 0 | EY14: =--ISNUMBER(SEARCH(INDEX(Items!$G:$G,MATCH(EY$1,Items!$A:$A,0)),INDEX(Responses!$A$9:$ZZ$9,1,MATCH(EY$6,Responses!$1:$1,0)))) -> 0 | EZ14: =--ISNUMBER(SEARCH(INDEX(Items!$G:$G,MATCH(EZ$1,Items!$A:$A,0)),INDEX(Responses!$A$9:$ZZ$9,1,MATCH(EZ$6,Responses!$1:$1,0)))) -> 0 | FA14: =--ISNUMBER(SEARCH(INDEX(Items!$G:$G,MATCH(FA$1,Items!$A:$A,0)),INDEX(Responses!$A$9:$ZZ$9,1,MATCH(FA$6,Responses!$1:$1,0)))) -> 0 | ... FU14: =--ISNUMBER(SEARCH(INDEX(Items!$G:$G,MATCH(FU$1,Items!$A:$A,0)),INDEX(Responses!$A$9:$ZZ$9,1,MATCH(FU$6,Responses!$1:$1,0)))) -> 0

Sheet Pattern
A1: Respondent | B1: current.c1 | C1: current.c2 | D1: current.c3 | E1: current.c4 | F1: current.c5 | G1: current.a1 | H1: current.a2 | I1: current.a3 | J1: current.a4 | K1: current.a5 | L1: current.top | M1: current.ntie | N1: current.s1 | O1: current.s2 | P1: current.s3 | Q1: current.s4 | R1: current.s5 | S1: current.mode | T1: current.agree | U1: current.nrev | V1: current.share | W1: current.flat | X1: fp.c1 | Y1: fp.c2 | Z1: fp.c3 | AA1: fp.c4 | AB1: fp.c5 | AC1: fp.a1 | AD1: fp.a2 | AE1: fp.a3 | AF1: fp.a4 | AG1: fp.a5 | AH1: fp.top | AI1: fp.ntie | AJ1: fp.s1 | AK1: fp.s2 | AL1: fp.s3 | AM1: fp.s4 | AN1: fp.s5 | AO1: fp.mode | AP1: fp.agree | AQ1: fp.nrev | AR1: fp.share | AS1: fp.flat | AT1: ft.c1 | AU1: ft.c2 | AV1: ft.c3 | AW1: ft.c4 | AX1: ft.c5 | AY1: ft.a1 | AZ1: ft.a2 | BA1: ft.a3 | BB1: ft.a4 | BC1: ft.a5 | BD1: ft.top | BE1: ft.ntie | BF1: ft.s1 | BG1: ft.s2 | BH1: ft.s3 | BI1: ft.s4 | BJ1: ft.s5 | BK1: ft.mode | BL1: ft.agree | BM1: ft.nrev | BN1: ft.share | BO1: ft.flat | BP1: identical | BQ1: copy
A2: =Values!$A$7 -> Maya Okafor | B2: =SUMPRODUCT((Values!$G7:$W7=1)*(Values!$G$4:$W$4=0)) -> 5 | C2: =SUMPRODUCT((Values!$G7:$W7=2)*(Values!$G$4:$W$4=0)) -> 3 | D2: =SUMPRODUCT((Values!$G7:$W7=3)*(Values!$G$4:$W$4=0)) -> 2 | E2: =SUMPRODUCT((Values!$G7:$W7=4)*(Values!$G$4:$W$4=0)) -> 2 | F2: =SUMPRODUCT((Values!$G7:$W7=5)*(Values!$G$4:$W$4=0)) -> 0 | G2: =SUMPRODUCT((Values!$G7:$W7=1)*(Values!$G$4:$W$4=1)) -> 1 | H2: =SUMPRODUCT((Values!$G7:$W7=2)*(Values!$G$4:$W$4=1)) -> 1 | I2: =SUMPRODUCT((Values!$G7:$W7=3)*(Values!$G$4:$W$4=1)) -> 1 | J2: =SUMPRODUCT((Values!$G7:$W7=4)*(Values!$G$4:$W$4=1)) -> 1 | K2: =SUMPRODUCT((Values!$G7:$W7=5)*(Values!$G$4:$W$4=1)) -> 1 | L2: =MAX(B2:F2) -> 5 | M2: =COUNTIF(B2:F2,L2) -> 1 | N2: =IF(B2=L2,IF(AND(1=3,M2>1),999,G2*10+1),999) -> 11 | O2: =IF(C2=L2,IF(AND(2=3,M2>1),999,H2*10+2),999) -> 999 | P2: =IF(D2=L2,IF(AND(3=3,M2>1),999,I2*10+3),999) -> 999 | Q2: =IF(E2=L2,IF(AND(4=3,M2>1),999,J2*10+4),999) -> 999 | R2: =IF(F2=L2,IF(AND(5=3,M2>1),999,K2*10+5),999) -> 999 | S2: =MATCH(MIN(N2:R2),N2:R2,0) -> 1 | T2: =INDEX(G2:K2,S2) -> 1 | U2: =SUMPRODUCT((Values!$G$4:$W$4=1)*ISNUMBER(Values!$G7:$W7)) -> 5 | V2: =MAX(COUNTIF(Values!$G7:$W7,1),COUNTIF(Values!$G7:$W7,2),COUNTIF(Values!$G7:$W7,3),COUNTIF(Values!$G7:$W7,4),COUNTIF(Values!$G7:$W7,5))/COUNT(Values!$G7:$W7) -> 0.35294118 | W2: =--OR(AND(S2<>3,T2>=U2-flat_reverse_slack),V2>=flat_modal_share) -> 0 | X2: =SUMPRODUCT((Values!$AG7:$BJ7=1)*(Values!$AG$4:$BJ$4=0)) -> 3 | Y2: =SUMPRODUCT((Values!$AG7:$BJ7=2)*(Values!$AG$4:$BJ$4=0)) -> 7 | Z2: =SUMPRODUCT((Values!$AG7:$BJ7=3)*(Values!$AG$4:$BJ$4=0)) -> 3 | AA2: =SUMPRODUCT((Values!$AG7:$BJ7=4)*(Values!$AG$4:$BJ$4=0)) -> 5 | AB2: =SUMPRODUCT((Values!$AG7:$BJ7=5)*(Values!$AG$4:$BJ$4=0)) -> 5 | AC2: =SUMPRODUCT((Values!$AG7:$BJ7=1)*(Values!$AG$4:$BJ$4=1)) -> 3 | AD2: =SUMPRODUCT((Values!$AG7:$BJ7=2)*(Values!$AG$4:$BJ$4=1)) -> 1 | AE2: =SUMPRODUCT((Values!$AG7:$BJ7=3)*(Values!$AG$4:$BJ$4=1)) -> 1 | AF2: =SUMPRODUCT((Values!$AG7:$BJ7=4)*(Values!$AG$4:$BJ$4=1)) -> 0 | AG2: =SUMPRODUCT((Values!$AG7:$BJ7=5)*(Values!$AG$4:$BJ$4=1)) -> 2 | AH2: =MAX(X2:AB2) -> 7 | AI2: =COUNTIF(X2:AB2,AH2) -> 1 | AJ2: =IF(X2=AH2,IF(AND(1=3,AI2>1),999,AC2*10+1),999) -> 999 | AK2: =IF(Y2=AH2,IF(AND(2=3,AI2>1),999,AD2*10+2),999) -> 12 | AL2: =IF(Z2=AH2,IF(AND(3=3,AI2>1),999,AE2*10+3),999) -> 999 | AM2: =IF(AA2=AH2,IF(AND(4=3,AI2>1),999,AF2*10+4),999) -> 999 | AN2: =IF(AB2=AH2,IF(AND(5=3,AI2>1),999,AG2*10+5),999) -> 999 | AO2: =MATCH(MIN(AJ2:AN2),AJ2:AN2,0) -> 2 | AP2: =INDEX(AC2:AG2,AO2) -> 1 | AQ2: =SUMPRODUCT((Values!$AG$4:$BJ$4=1)*ISNUMBER(Values!$AG7:$BJ7)) -> 7 | AR2: =MAX(COUNTIF(Values!$AG7:$BJ7,1),COUNTIF(Values!$AG7:$BJ7,2),COUNTIF(Values!$AG7:$BJ7,3),COUNTIF(Values!$AG7:$BJ7,4),COUNTIF(Values!$AG7:$BJ7,5))/COUNT(Values!$AG7:$BJ7) -> 0.26666667 | AS2: =--OR(AND(AO2<>3,AP2>=AQ2-flat_reverse_slack),AR2>=flat_modal_share) -> 0 | AT2: =SUMPRODUCT((Values!$BK7:$CN7=1)*(Values!$BK$4:$CN$4=0)) -> 2 | AU2: =SUMPRODUCT((Values!$BK7:$CN7=2)*(Values!$BK$4:$CN$4=0)) -> 6 | AV2: =SUMPRODUCT((Values!$BK7:$CN7=3)*(Values!$BK$4:$CN$4=0)) -> 6 | AW2: =SUMPRODUCT((Values!$BK7:$CN7=4)*(Values!$BK$4:$CN$4=0)) -> 7 | AX2: =SUMPRODUCT((Values!$BK7:$CN7=5)*(Values!$BK$4:$CN$4=0)) -> 2 | AY2: =SUMPRODUCT((Values!$BK7:$CN7=1)*(Values!$BK$4:$CN$4=1)) -> 1 | AZ2: =SUMPRODUCT((Values!$BK7:$CN7=2)*(Values!$BK$4:$CN$4=1)) -> 4 | BA2: =SUMPRODUCT((Values!$BK7:$CN7=3)*(Values!$BK$4:$CN$4=1)) -> 1 | BB2: =SUMPRODUCT((Values!$BK7:$CN7=4)*(Values!$BK$4:$CN$4=1)) -> 1 | BC2: =SUMPRODUCT((Values!$BK7:$CN7=5)*(Values!$BK$4:$CN$4=1)) -> 0 | BD2: =MAX(AT2:AX2) -> 7 | BE2: =COUNTIF(AT2:AX2,BD2) -> 1 | BF2: =IF(AT2=BD2,IF(AND(1=3,BE2>1),999,AY2*10+1),999) -> 999 | BG2: =IF(AU2=BD2,IF(AND(2=3,BE2>1),999,AZ2*10+2),999) -> 999 | BH2: =IF(AV2=BD2,IF(AND(3=3,BE2>1),999,BA2*10+3),999) -> 999 | BI2: =IF(AW2=BD2,IF(AND(4=3,BE2>1),999,BB2*10+4),999) -> 14 | BJ2: =IF(AX2=BD2,IF(AND(5=3,BE2>1),999,BC2*10+5),999) -> 999 | BK2: =MATCH(MIN(BF2:BJ2),BF2:BJ2,0) -> 4 | BL2: =INDEX(AY2:BC2,BK2) -> 1 | BM2: =SUMPRODUCT((Values!$BK$4:$CN$4=1)*ISNUMBER(Values!$BK7:$CN7)) -> 7 | BN2: =MAX(COUNTIF(Values!$BK7:$CN7,1),COUNTIF(Values!$BK7:$CN7,2),COUNTIF(Values!$BK7:$CN7,3),COUNTIF(Values!$BK7:$CN7,4),COUNTIF(Values!$BK7:$CN7,5))/COUNT(Values!$BK7:$CN7) -> 0.33333333 | BO2: =--OR(AND(BK2<>3,BL2>=BM2-flat_reverse_slack),BN2>=flat_modal_share) -> 0 | BP2: =SUMPRODUCT((Values!$AG7:$BJ7=Values!$BK7:$CN7)*ISNUMBER(Values!$AG7:$BJ7)*ISNUMBER(Values!$BK7:$CN7)) -> 15 | BQ2: =--(BP2>=stance_identical_min) -> 0
A3: =Values!$A$8 -> Tom Lindqvist | B3: =SUMPRODUCT((Values!$G8:$W8=1)*(Values!$G$4:$W$4=0)) -> 1 | C3: =SUMPRODUCT((Values!$G8:$W8=2)*(Values!$G$4:$W$4=0)) -> 1 | D3: =SUMPRODUCT((Values!$G8:$W8=3)*(Values!$G$4:$W$4=0)) -> 0 | E3: =SUMPRODUCT((Values!$G8:$W8=4)*(Values!$G$4:$W$4=0)) -> 5 | F3: =SUMPRODUCT((Values!$G8:$W8=5)*(Values!$G$4:$W$4=0)) -> 5 | G3: =SUMPRODUCT((Values!$G8:$W8=1)*(Values!$G$4:$W$4=1)) -> 1 | H3: =SUMPRODUCT((Values!$G8:$W8=2)*(Values!$G$4:$W$4=1)) -> 2 | I3: =SUMPRODUCT((Values!$G8:$W8=3)*(Values!$G$4:$W$4=1)) -> 1 | J3: =SUMPRODUCT((Values!$G8:$W8=4)*(Values!$G$4:$W$4=1)) -> 1 | K3: =SUMPRODUCT((Values!$G8:$W8=5)*(Values!$G$4:$W$4=1)) -> 0 | L3: =MAX(B3:F3) -> 5 | M3: =COUNTIF(B3:F3,L3) -> 2 | N3: =IF(B3=L3,IF(AND(1=3,M3>1),999,G3*10+1),999) -> 999 | O3: =IF(C3=L3,IF(AND(2=3,M3>1),999,H3*10+2),999) -> 999 | P3: =IF(D3=L3,IF(AND(3=3,M3>1),999,I3*10+3),999) -> 999 | Q3: =IF(E3=L3,IF(AND(4=3,M3>1),999,J3*10+4),999) -> 14 | R3: =IF(F3=L3,IF(AND(5=3,M3>1),999,K3*10+5),999) -> 5 | S3: =MATCH(MIN(N3:R3),N3:R3,0) -> 5 | T3: =INDEX(G3:K3,S3) -> 0 | U3: =SUMPRODUCT((Values!$G$4:$W$4=1)*ISNUMBER(Values!$G8:$W8)) -> 5 | V3: =MAX(COUNTIF(Values!$G8:$W8,1),COUNTIF(Values!$G8:$W8,2),COUNTIF(Values!$G8:$W8,3),COUNTIF(Values!$G8:$W8,4),COUNTIF(Values!$G8:$W8,5))/COUNT(Values!$G8:$W8) -> 0.35294118 | W3: =--OR(AND(S3<>3,T3>=U3-flat_reverse_slack),V3>=flat_modal_share) -> 0 | X3: =SUMPRODUCT((Values!$AG8:$BJ8=1)*(Values!$AG$4:$BJ$4=0)) -> 4 | Y3: =SUMPRODUCT((Values!$AG8:$BJ8=2)*(Values!$AG$4:$BJ$4=0)) -> 4 | Z3: =SUMPRODUCT((Values!$AG8:$BJ8=3)*(Values!$AG$4:$BJ$4=0)) -> 2 | AA3: =SUMPRODUCT((Values!$AG8:$BJ8=4)*(Values!$AG$4:$BJ$4=0)) -> 5 | AB3: =SUMPRODUCT((Values!$AG8:$BJ8=5)*(Values!$AG$4:$BJ$4=0)) -> 8 | AC3: =SUMPRODUCT((Values!$AG8:$BJ8=1)*(Values!$AG$4:$BJ$4=1)) -> 1 | AD3: =SUMPRODUCT((Values!$AG8:$BJ8=2)*(Values!$AG$4:$BJ$4=1)) -> 3 | AE3: =SUMPRODUCT((Values!$AG8:$BJ8=3)*(Values!$AG$4:$BJ$4=1)) -> 0 | AF3: =SUMPRODUCT((Values!$AG8:$BJ8=4)*(Values!$AG$4:$BJ$4=1)) -> 2 | AG3: =SUMPRODUCT((Values!$AG8:$BJ8=5)*(Values!$AG$4:$BJ$4=1)) -> 1 | AH3: =MAX(X3:AB3) -> 8 | AI3: =COUNTIF(X3:AB3,AH3) -> 1 | AJ3: =IF(X3=AH3,IF(AND(1=3,AI3>1),999,AC3*10+1),999) -> 999 | AK3: =IF(Y3=AH3,IF(AND(2=3,AI3>1),999,AD3*10+2),999) -> 999 | AL3: =IF(Z3=AH3,IF(AND(3=3,AI3>1),999,AE3*10+3),999) -> 999 | AM3: =IF(AA3=AH3,IF(AND(4=3,AI3>1),999,AF3*10+4),999) -> 999 | AN3: =IF(AB3=AH3,IF(AND(5=3,AI3>1),999,AG3*10+5),999) -> 15 | AO3: =MATCH(MIN(AJ3:AN3),AJ3:AN3,0) -> 5 | AP3: =INDEX(AC3:AG3,AO3) -> 1 | AQ3: =SUMPRODUCT((Values!$AG$4:$BJ$4=1)*ISNUMBER(Values!$AG8:$BJ8)) -> 7 | AR3: =MAX(COUNTIF(Values!$AG8:$BJ8,1),COUNTIF(Values!$AG8:$BJ8,2),COUNTIF(Values!$AG8:$BJ8,3),COUNTIF(Values!$AG8:$BJ8,4),COUNTIF(Values!$AG8:$BJ8,5))/COUNT(Values!$AG8:$BJ8) -> 0.3 | AS3: =--OR(AND(AO3<>3,AP3>=AQ3-flat_reverse_slack),AR3>=flat_modal_share) -> 0 | AT3: =SUMPRODUCT((Values!$BK8:$CN8=1)*(Values!$BK$4:$CN$4=0)) -> 2 | AU3: =SUMPRODUCT((Values!$BK8:$CN8=2)*(Values!$BK$4:$CN$4=0)) -> 5 | AV3: =SUMPRODUCT((Values!$BK8:$CN8=3)*(Values!$BK$4:$CN$4=0)) -> 4 | AW3: =SUMPRODUCT((Values!$BK8:$CN8=4)*(Values!$BK$4:$CN$4=0)) -> 8 | AX3: =SUMPRODUCT((Values!$BK8:$CN8=5)*(Values!$BK$4:$CN$4=0)) -> 4 | AY3: =SUMPRODUCT((Values!$BK8:$CN8=1)*(Values!$BK$4:$CN$4=1)) -> 3 | AZ3: =SUMPRODUCT((Values!$BK8:$CN8=2)*(Values!$BK$4:$CN$4=1)) -> 1 | BA3: =SUMPRODUCT((Values!$BK8:$CN8=3)*(Values!$BK$4:$CN$4=1)) -> 1 | BB3: =SUMPRODUCT((Values!$BK8:$CN8=4)*(Values!$BK$4:$CN$4=1)) -> 2 | BC3: =SUMPRODUCT((Values!$BK8:$CN8=5)*(Values!$BK$4:$CN$4=1)) -> 0 | BD3: =MAX(AT3:AX3) -> 8 | BE3: =COUNTIF(AT3:AX3,BD3) -> 1 | BF3: =IF(AT3=BD3,IF(AND(1=3,BE3>1),999,AY3*10+1),999) -> 999 | BG3: =IF(AU3=BD3,IF(AND(2=3,BE3>1),999,AZ3*10+2),999) -> 999 | BH3: =IF(AV3=BD3,IF(AND(3=3,BE3>1),999,BA3*10+3),999) -> 999 | BI3: =IF(AW3=BD3,IF(AND(4=3,BE3>1),999,BB3*10+4),999) -> 24 | BJ3: =IF(AX3=BD3,IF(AND(5=3,BE3>1),999,BC3*10+5),999) -> 999 | BK3: =MATCH(MIN(BF3:BJ3),BF3:BJ3,0) -> 4 | BL3: =INDEX(AY3:BC3,BK3) -> 2 | BM3: =SUMPRODUCT((Values!$BK$4:$CN$4=1)*ISNUMBER(Values!$BK8:$CN8)) -> 7 | BN3: =MAX(COUNTIF(Values!$BK8:$CN8,1),COUNTIF(Values!$BK8:$CN8,2),COUNTIF(Values!$BK8:$CN8,3),COUNTIF(Values!$BK8:$CN8,4),COUNTIF(Values!$BK8:$CN8,5))/COUNT(Values!$BK8:$CN8) -> 0.33333333 | BO3: =--OR(AND(BK3<>3,BL3>=BM3-flat_reverse_slack),BN3>=flat_modal_share) -> 0 | BP3: =SUMPRODUCT((Values!$AG8:$BJ8=Values!$BK8:$CN8)*ISNUMBER(Values!$AG8:$BJ8)*ISNUMBER(Values!$BK8:$CN8)) -> 14 | BQ3: =--(BP3>=stance_identical_min) -> 0
A4: =Values!$A$9 -> Priya Raman | B4: =SUMPRODUCT((Values!$G9:$W9=1)*(Values!$G$4:$W$4=0)) -> 0 | C4: =SUMPRODUCT((Values!$G9:$W9=2)*(Values!$G$4:$W$4=0)) -> 5 | D4: =SUMPRODUCT((Values!$G9:$W9=3)*(Values!$G$4:$W$4=0)) -> 5 | E4: =SUMPRODUCT((Values!$G9:$W9=4)*(Values!$G$4:$W$4=0)) -> 2 | F4: =SUMPRODUCT((Values!$G9:$W9=5)*(Values!$G$4:$W$4=0)) -> 0 | G4: =SUMPRODUCT((Values!$G9:$W9=1)*(Values!$G$4:$W$4=1)) -> 0 | H4: =SUMPRODUCT((Values!$G9:$W9=2)*(Values!$G$4:$W$4=1)) -> 2 | I4: =SUMPRODUCT((Values!$G9:$W9=3)*(Values!$G$4:$W$4=1)) -> 3 | J4: =SUMPRODUCT((Values!$G9:$W9=4)*(Values!$G$4:$W$4=1)) -> 0 | K4: =SUMPRODUCT((Values!$G9:$W9=5)*(Values!$G$4:$W$4=1)) -> 0 | L4: =MAX(B4:F4) -> 5 | M4: =COUNTIF(B4:F4,L4) -> 2 | N4: =IF(B4=L4,IF(AND(1=3,M4>1),999,G4*10+1),999) -> 999 | O4: =IF(C4=L4,IF(AND(2=3,M4>1),999,H4*10+2),999) -> 22 | P4: =IF(D4=L4,IF(AND(3=3,M4>1),999,I4*10+3),999) -> 999 | Q4: =IF(E4=L4,IF(AND(4=3,M4>1),999,J4*10+4),999) -> 999 | R4: =IF(F4=L4,IF(AND(5=3,M4>1),999,K4*10+5),999) -> 999 | S4: =MATCH(MIN(N4:R4),N4:R4,0) -> 2 | T4: =INDEX(G4:K4,S4) -> 2 | U4: =SUMPRODUCT((Values!$G$4:$W$4=1)*ISNUMBER(Values!$G9:$W9)) -> 5 | V4: =MAX(COUNTIF(Values!$G9:$W9,1),COUNTIF(Values!$G9:$W9,2),COUNTIF(Values!$G9:$W9,3),COUNTIF(Values!$G9:$W9,4),COUNTIF(Values!$G9:$W9,5))/COUNT(Values!$G9:$W9) -> 0.47058824 | W4: =--OR(AND(S4<>3,T4>=U4-flat_reverse_slack),V4>=flat_modal_share) -> 0 | X4: =SUMPRODUCT((Values!$AG9:$BJ9=1)*(Values!$AG$4:$BJ$4=0)) -> 2 | Y4: =SUMPRODUCT((Values!$AG9:$BJ9=2)*(Values!$AG$4:$BJ$4=0)) -> 5 | Z4: =SUMPRODUCT((Values!$AG9:$BJ9=3)*(Values!$AG$4:$BJ$4=0)) -> 6 | AA4: =SUMPRODUCT((Values!$AG9:$BJ9=4)*(Values!$AG$4:$BJ$4=0)) -> 5 | AB4: =SUMPRODUCT((Values!$AG9:$BJ9=5)*(Values!$AG$4:$BJ$4=0)) -> 5 | AC4: =SUMPRODUCT((Values!$AG9:$BJ9=1)*(Values!$AG$4:$BJ$4=1)) -> 4 | AD4: =SUMPRODUCT((Values!$AG9:$BJ9=2)*(Values!$AG$4:$BJ$4=1)) -> 0 | AE4: =SUMPRODUCT((Values!$AG9:$BJ9=3)*(Values!$AG$4:$BJ$4=1)) -> 1 | AF4: =SUMPRODUCT((Values!$AG9:$BJ9=4)*(Values!$AG$4:$BJ$4=1)) -> 2 | AG4: =SUMPRODUCT((Values!$AG9:$BJ9=5)*(Values!$AG$4:$BJ$4=1)) -> 0 | AH4: =MAX(X4:AB4) -> 6 | AI4: =COUNTIF(X4:AB4,AH4) -> 1 | AJ4: =IF(X4=AH4,IF(AND(1=3,AI4>1),999,AC4*10+1),999) -> 999 | AK4: =IF(Y4=AH4,IF(AND(2=3,AI4>1),999,AD4*10+2),999) -> 999 | AL4: =IF(Z4=AH4,IF(AND(3=3,AI4>1),999,AE4*10+3),999) -> 13 | AM4: =IF(AA4=AH4,IF(AND(4=3,AI4>1),999,AF4*10+4),999) -> 999 | AN4: =IF(AB4=AH4,IF(AND(5=3,AI4>1),999,AG4*10+5),999) -> 999 | AO4: =MATCH(MIN(AJ4:AN4),AJ4:AN4,0) -> 3 | AP4: =INDEX(AC4:AG4,AO4) -> 1 | AQ4: =SUMPRODUCT((Values!$AG$4:$BJ$4=1)*ISNUMBER(Values!$AG9:$BJ9)) -> 7 | AR4: =MAX(COUNTIF(Values!$AG9:$BJ9,1),COUNTIF(Values!$AG9:$BJ9,2),COUNTIF(Values!$AG9:$BJ9,3),COUNTIF(Values!$AG9:$BJ9,4),COUNTIF(Values!$AG9:$BJ9,5))/COUNT(Values!$AG9:$BJ9) -> 0.23333333 | AS4: =--OR(AND(AO4<>3,AP4>=AQ4-flat_reverse_slack),AR4>=flat_modal_share) -> 0 | AT4: =SUMPRODUCT((Values!$BK9:$CN9=1)*(Values!$BK$4:$CN$4=0)) -> 1 | AU4: =SUMPRODUCT((Values!$BK9:$CN9=2)*(Values!$BK$4:$CN$4=0)) -> 4 | AV4: =SUMPRODUCT((Values!$BK9:$CN9=3)*(Values!$BK$4:$CN$4=0)) -> 12 | AW4: =SUMPRODUCT((Values!$BK9:$CN9=4)*(Values!$BK$4:$CN$4=0)) -> 6 | AX4: =SUMPRODUCT((Values!$BK9:$CN9=5)*(Values!$BK$4:$CN$4=0)) -> 0 | AY4: =SUMPRODUCT((Values!$BK9:$CN9=1)*(Values!$BK$4:$CN$4=1)) -> 1 | AZ4: =SUMPRODUCT((Values!$BK9:$CN9=2)*(Values!$BK$4:$CN$4=1)) -> 3 | BA4: =SUMPRODUCT((Values!$BK9:$CN9=3)*(Values!$BK$4:$CN$4=1)) -> 2 | BB4: =SUMPRODUCT((Values!$BK9:$CN9=4)*(Values!$BK$4:$CN$4=1)) -> 1 | BC4: =SUMPRODUCT((Values!$BK9:$CN9=5)*(Values!$BK$4:$CN$4=1)) -> 0 | BD4: =MAX(AT4:AX4) -> 12 | BE4: =COUNTIF(AT4:AX4,BD4) -> 1 | BF4: =IF(AT4=BD4,IF(AND(1=3,BE4>1),999,AY4*10+1),999) -> 999 | BG4: =IF(AU4=BD4,IF(AND(2=3,BE4>1),999,AZ4*10+2),999) -> 999 | BH4: =IF(AV4=BD4,IF(AND(3=3,BE4>1),999,BA4*10+3),999) -> 23 | BI4: =IF(AW4=BD4,IF(AND(4=3,BE4>1),999,BB4*10+4),999) -> 999 | BJ4: =IF(AX4=BD4,IF(AND(5=3,BE4>1),999,BC4*10+5),999) -> 999 | BK4: =MATCH(MIN(BF4:BJ4),BF4:BJ4,0) -> 3 | BL4: =INDEX(AY4:BC4,BK4) -> 2 | BM4: =SUMPRODUCT((Values!$BK$4:$CN$4=1)*ISNUMBER(Values!$BK9:$CN9)) -> 7 | BN4: =MAX(COUNTIF(Values!$BK9:$CN9,1),COUNTIF(Values!$BK9:$CN9,2),COUNTIF(Values!$BK9:$CN9,3),COUNTIF(Values!$BK9:$CN9,4),COUNTIF(Values!$BK9:$CN9,5))/COUNT(Values!$BK9:$CN9) -> 0.46666667 | BO4: =--OR(AND(BK4<>3,BL4>=BM4-flat_reverse_slack),BN4>=flat_modal_share) -> 0 | BP4: =SUMPRODUCT((Values!$AG9:$BJ9=Values!$BK9:$CN9)*ISNUMBER(Values!$AG9:$BJ9)*ISNUMBER(Values!$BK9:$CN9)) -> 8 | BQ4: =--(BP4>=stance_identical_min) -> 0
A5: =Values!$A$10 -> Daniel Cho | B5: =SUMPRODUCT((Values!$G10:$W10=1)*(Values!$G$4:$W$4=0)) -> 0 | C5: =SUMPRODUCT((Values!$G10:$W10=2)*(Values!$G$4:$W$4=0)) -> 1 | D5: =SUMPRODUCT((Values!$G10:$W10=3)*(Values!$G$4:$W$4=0)) -> 8 | E5: =SUMPRODUCT((Values!$G10:$W10=4)*(Values!$G$4:$W$4=0)) -> 3 | F5: =SUMPRODUCT((Values!$G10:$W10=5)*(Values!$G$4:$W$4=0)) -> 0 | G5: =SUMPRODUCT((Values!$G10:$W10=1)*(Values!$G$4:$W$4=1)) -> 0 | H5: =SUMPRODUCT((Values!$G10:$W10=2)*(Values!$G$4:$W$4=1)) -> 2 | I5: =SUMPRODUCT((Values!$G10:$W10=3)*(Values!$G$4:$W$4=1)) -> 3 | J5: =SUMPRODUCT((Values!$G10:$W10=4)*(Values!$G$4:$W$4=1)) -> 0 | K5: =SUMPRODUCT((Values!$G10:$W10=5)*(Values!$G$4:$W$4=1)) -> 0 | L5: =MAX(B5:F5) -> 8 | M5: =COUNTIF(B5:F5,L5) -> 1 | N5: =IF(B5=L5,IF(AND(1=3,M5>1),999,G5*10+1),999) -> 999 | O5: =IF(C5=L5,IF(AND(2=3,M5>1),999,H5*10+2),999) -> 999 | P5: =IF(D5=L5,IF(AND(3=3,M5>1),999,I5*10+3),999) -> 33 | Q5: =IF(E5=L5,IF(AND(4=3,M5>1),999,J5*10+4),999) -> 999 | R5: =IF(F5=L5,IF(AND(5=3,M5>1),999,K5*10+5),999) -> 999 | S5: =MATCH(MIN(N5:R5),N5:R5,0) -> 3 | T5: =INDEX(G5:K5,S5) -> 3 | U5: =SUMPRODUCT((Values!$G$4:$W$4=1)*ISNUMBER(Values!$G10:$W10)) -> 5 | V5: =MAX(COUNTIF(Values!$G10:$W10,1),COUNTIF(Values!$G10:$W10,2),COUNTIF(Values!$G10:$W10,3),COUNTIF(Values!$G10:$W10,4),COUNTIF(Values!$G10:$W10,5))/COUNT(Values!$G10:$W10) -> 0.64705882 | W5: =--OR(AND(S5<>3,T5>=U5-flat_reverse_slack),V5>=flat_modal_share) -> 0 | X5: =SUMPRODUCT((Values!$AG10:$BJ10=1)*(Values!$AG$4:$BJ$4=0)) -> 0 | Y5: =SUMPRODUCT((Values!$AG10:$BJ10=2)*(Values!$AG$4:$BJ$4=0)) -> 5 | Z5: =SUMPRODUCT((Values!$AG10:$BJ10=3)*(Values!$AG$4:$BJ$4=0)) -> 11 | AA5: =SUMPRODUCT((Values!$AG10:$BJ10=4)*(Values!$AG$4:$BJ$4=0)) -> 7 | AB5: =SUMPRODUCT((Values!$AG10:$BJ10=5)*(Values!$AG$4:$BJ$4=0)) -> 0 | AC5: =SUMPRODUCT((Values!$AG10:$BJ10=1)*(Values!$AG$4:$BJ$4=1)) -> 0 | AD5: =SUMPRODUCT((Values!$AG10:$BJ10=2)*(Values!$AG$4:$BJ$4=1)) -> 4 | AE5: =SUMPRODUCT((Values!$AG10:$BJ10=3)*(Values!$AG$4:$BJ$4=1)) -> 2 | AF5: =SUMPRODUCT((Values!$AG10:$BJ10=4)*(Values!$AG$4:$BJ$4=1)) -> 1 | AG5: =SUMPRODUCT((Values!$AG10:$BJ10=5)*(Values!$AG$4:$BJ$4=1)) -> 0 | AH5: =MAX(X5:AB5) -> 11 | AI5: =COUNTIF(X5:AB5,AH5) -> 1 | AJ5: =IF(X5=AH5,IF(AND(1=3,AI5>1),999,AC5*10+1),999) -> 999 | AK5: =IF(Y5=AH5,IF(AND(2=3,AI5>1),999,AD5*10+2),999) -> 999 | AL5: =IF(Z5=AH5,IF(AND(3=3,AI5>1),999,AE5*10+3),999) -> 23 | AM5: =IF(AA5=AH5,IF(AND(4=3,AI5>1),999,AF5*10+4),999) -> 999 | AN5: =IF(AB5=AH5,IF(AND(5=3,AI5>1),999,AG5*10+5),999) -> 999 | AO5: =MATCH(MIN(AJ5:AN5),AJ5:AN5,0) -> 3 | AP5: =INDEX(AC5:AG5,AO5) -> 2 | AQ5: =SUMPRODUCT((Values!$AG$4:$BJ$4=1)*ISNUMBER(Values!$AG10:$BJ10)) -> 7 | AR5: =MAX(COUNTIF(Values!$AG10:$BJ10,1),COUNTIF(Values!$AG10:$BJ10,2),COUNTIF(Values!$AG10:$BJ10,3),COUNTIF(Values!$AG10:$BJ10,4),COUNTIF(Values!$AG10:$BJ10,5))/COUNT(Values!$AG10:$BJ10) -> 0.43333333 | AS5: =--OR(AND(AO5<>3,AP5>=AQ5-flat_reverse_slack),AR5>=flat_modal_share) -> 0 | AT5: =SUMPRODUCT((Values!$BK10:$CN10=1)*(Values!$BK$4:$CN$4=0)) -> 0 | AU5: =SUMPRODUCT((Values!$BK10:$CN10=2)*(Values!$BK$4:$CN$4=0)) -> 2 | AV5: =SUMPRODUCT((Values!$BK10:$CN10=3)*(Values!$BK$4:$CN$4=0)) -> 12 | AW5: =SUMPRODUCT((Values!$BK10:$CN10=4)*(Values!$BK$4:$CN$4=0)) -> 8 | AX5: =SUMPRODUCT((Values!$BK10:$CN10=5)*(Values!$BK$4:$CN$4=0)) -> 1 | AY5: =SUMPRODUCT((Values!$BK10:$CN10=1)*(Values!$BK$4:$CN$4=1)) -> 2 | AZ5: =SUMPRODUCT((Values!$BK10:$CN10=2)*(Values!$BK$4:$CN$4=1)) -> 1 | BA5: =SUMPRODUCT((Values!$BK10:$CN10=3)*(Values!$BK$4:$CN$4=1)) -> 4 | BB5: =SUMPRODUCT((Values!$BK10:$CN10=4)*(Values!$BK$4:$CN$4=1)) -> 0 | BC5: =SUMPRODUCT((Values!$BK10:$CN10=5)*(Values!$BK$4:$CN$4=1)) -> 0 | BD5: =MAX(AT5:AX5) -> 12 | BE5: =COUNTIF(AT5:AX5,BD5) -> 1 | BF5: =IF(AT5=BD5,IF(AND(1=3,BE5>1),999,AY5*10+1),999) -> 999 | BG5: =IF(AU5=BD5,IF(AND(2=3,BE5>1),999,AZ5*10+2),999) -> 999 | BH5: =IF(AV5=BD5,IF(AND(3=3,BE5>1),999,BA5*10+3),999) -> 43 | BI5: =IF(AW5=BD5,IF(AND(4=3,BE5>1),999,BB5*10+4),999) -> 999 | BJ5: =IF(AX5=BD5,IF(AND(5=3,BE5>1),999,BC5*10+5),999) -> 999 | BK5: =MATCH(MIN(BF5:BJ5),BF5:BJ5,0) -> 3 | BL5: =INDEX(AY5:BC5,BK5) -> 4 | BM5: =SUMPRODUCT((Values!$BK$4:$CN$4=1)*ISNUMBER(Values!$BK10:$CN10)) -> 7 | BN5: =MAX(COUNTIF(Values!$BK10:$CN10,1),COUNTIF(Values!$BK10:$CN10,2),COUNTIF(Values!$BK10:$CN10,3),COUNTIF(Values!$BK10:$CN10,4),COUNTIF(Values!$BK10:$CN10,5))/COUNT(Values!$BK10:$CN10) -> 0.53333333 | BO5: =--OR(AND(BK5<>3,BL5>=BM5-flat_reverse_slack),BN5>=flat_modal_share) -> 0 | BP5: =SUMPRODUCT((Values!$AG10:$BJ10=Values!$BK10:$CN10)*ISNUMBER(Values!$AG10:$BJ10)*ISNUMBER(Values!$BK10:$CN10)) -> 12 | BQ5: =--(BP5>=stance_identical_min) -> 0
A6: =Values!$A$11 -> Sofia Marchetti | B6: =SUMPRODUCT((Values!$G11:$W11=1)*(Values!$G$4:$W$4=0)) -> 0 | C6: =SUMPRODUCT((Values!$G11:$W11=2)*(Values!$G$4:$W$4=0)) -> 2 | D6: =SUMPRODUCT((Values!$G11:$W11=3)*(Values!$G$4:$W$4=0)) -> 6 | E6: =SUMPRODUCT((Values!$G11:$W11=4)*(Values!$G$4:$W$4=0)) -> 4 | F6: =SUMPRODUCT((Values!$G11:$W11=5)*(Values!$G$4:$W$4=0)) -> 0 | G6: =SUMPRODUCT((Values!$G11:$W11=1)*(Values!$G$4:$W$4=1)) -> 0 | H6: =SUMPRODUCT((Values!$G11:$W11=2)*(Values!$G$4:$W$4=1)) -> 1 | I6: =SUMPRODUCT((Values!$G11:$W11=3)*(Values!$G$4:$W$4=1)) -> 2 | J6: =SUMPRODUCT((Values!$G11:$W11=4)*(Values!$G$4:$W$4=1)) -> 2 | K6: =SUMPRODUCT((Values!$G11:$W11=5)*(Values!$G$4:$W$4=1)) -> 0 | L6: =MAX(B6:F6) -> 6 | M6: =COUNTIF(B6:F6,L6) -> 1 | N6: =IF(B6=L6,IF(AND(1=3,M6>1),999,G6*10+1),999) -> 999 | O6: =IF(C6=L6,IF(AND(2=3,M6>1),999,H6*10+2),999) -> 999 | P6: =IF(D6=L6,IF(AND(3=3,M6>1),999,I6*10+3),999) -> 23 | Q6: =IF(E6=L6,IF(AND(4=3,M6>1),999,J6*10+4),999) -> 999 | R6: =IF(F6=L6,IF(AND(5=3,M6>1),999,K6*10+5),999) -> 999 | S6: =MATCH(MIN(N6:R6),N6:R6,0) -> 3 | T6: =INDEX(G6:K6,S6) -> 2 | U6: =SUMPRODUCT((Values!$G$4:$W$4=1)*ISNUMBER(Values!$G11:$W11)) -> 5 | V6: =MAX(COUNTIF(Values!$G11:$W11,1),COUNTIF(Values!$G11:$W11,2),COUNTIF(Values!$G11:$W11,3),COUNTIF(Values!$G11:$W11,4),COUNTIF(Values!$G11:$W11,5))/COUNT(Values!$G11:$W11) -> 0.47058824 | W6: =--OR(AND(S6<>3,T6>=U6-flat_reverse_slack),V6>=flat_modal_share) -> 0 | X6: =SUMPRODUCT((Values!$AG11:$BJ11=1)*(Values!$AG$4:$BJ$4=0)) -> 0 | Y6: =SUMPRODUCT((Values!$AG11:$BJ11=2)*(Values!$AG$4:$BJ$4=0)) -> 3 | Z6: =SUMPRODUCT((Values!$AG11:$BJ11=3)*(Values!$AG$4:$BJ$4=0)) -> 12 | AA6: =SUMPRODUCT((Values!$AG11:$BJ11=4)*(Values!$AG$4:$BJ$4=0)) -> 8 | AB6: =SUMPRODUCT((Values!$AG11:$BJ11=5)*(Values!$AG$4:$BJ$4=0)) -> 0 | AC6: =SUMPRODUCT((Values!$AG11:$BJ11=1)*(Values!$AG$4:$BJ$4=1)) -> 1 | AD6: =SUMPRODUCT((Values!$AG11:$BJ11=2)*(Values!$AG$4:$BJ$4=1)) -> 3 | AE6: =SUMPRODUCT((Values!$AG11:$BJ11=3)*(Values!$AG$4:$BJ$4=1)) -> 3 | AF6: =SUMPRODUCT((Values!$AG11:$BJ11=4)*(Values!$AG$4:$BJ$4=1)) -> 0 | AG6: =SUMPRODUCT((Values!$AG11:$BJ11=5)*(Values!$AG$4:$BJ$4=1)) -> 0 | AH6: =MAX(X6:AB6) -> 12 | AI6: =COUNTIF(X6:AB6,AH6) -> 1 | AJ6: =IF(X6=AH6,IF(AND(1=3,AI6>1),999,AC6*10+1),999) -> 999 | AK6: =IF(Y6=AH6,IF(AND(2=3,AI6>1),999,AD6*10+2),999) -> 999 | AL6: =IF(Z6=AH6,IF(AND(3=3,AI6>1),999,AE6*10+3),999) -> 33 | AM6: =IF(AA6=AH6,IF(AND(4=3,AI6>1),999,AF6*10+4),999) -> 999 | AN6: =IF(AB6=AH6,IF(AND(5=3,AI6>1),999,AG6*10+5),999) -> 999 | AO6: =MATCH(MIN(AJ6:AN6),AJ6:AN6,0) -> 3 | AP6: =INDEX(AC6:AG6,AO6) -> 3 | AQ6: =SUMPRODUCT((Values!$AG$4:$BJ$4=1)*ISNUMBER(Values!$AG11:$BJ11)) -> 7 | AR6: =MAX(COUNTIF(Values!$AG11:$BJ11,1),COUNTIF(Values!$AG11:$BJ11,2),COUNTIF(Values!$AG11:$BJ11,3),COUNTIF(Values!$AG11:$BJ11,4),COUNTIF(Values!$AG11:$BJ11,5))/COUNT(Values!$AG11:$BJ11) -> 0.5 | AS6: =--OR(AND(AO6<>3,AP6>=AQ6-flat_reverse_slack),AR6>=flat_modal_share) -> 0 | AT6: =SUMPRODUCT((Values!$BK11:$CN11=1)*(Values!$BK$4:$CN$4=0)) -> 1 | AU6: =SUMPRODUCT((Values!$BK11:$CN11=2)*(Values!$BK$4:$CN$4=0)) -> 1 | AV6: =SUMPRODUCT((Values!$BK11:$CN11=3)*(Values!$BK$4:$CN$4=0)) -> 11 | AW6: =SUMPRODUCT((Values!$BK11:$CN11=4)*(Values!$BK$4:$CN$4=0)) -> 10 | AX6: =SUMPRODUCT((Values!$BK11:$CN11=5)*(Values!$BK$4:$CN$4=0)) -> 0 | AY6: =SUMPRODUCT((Values!$BK11:$CN11=1)*(Values!$BK$4:$CN$4=1)) -> 1 | AZ6: =SUMPRODUCT((Values!$BK11:$CN11=2)*(Values!$BK$4:$CN$4=1)) -> 4 | BA6: =SUMPRODUCT((Values!$BK11:$CN11=3)*(Values!$BK$4:$CN$4=1)) -> 2 | BB6: =SUMPRODUCT((Values!$BK11:$CN11=4)*(Values!$BK$4:$CN$4=1)) -> 0 | BC6: =SUMPRODUCT((Values!$BK11:$CN11=5)*(Values!$BK$4:$CN$4=1)) -> 0 | BD6: =MAX(AT6:AX6) -> 11 | BE6: =COUNTIF(AT6:AX6,BD6) -> 1 | BF6: =IF(AT6=BD6,IF(AND(1=3,BE6>1),999,AY6*10+1),999) -> 999 | BG6: =IF(AU6=BD6,IF(AND(2=3,BE6>1),999,AZ6*10+2),999) -> 999 | BH6: =IF(AV6=BD6,IF(AND(3=3,BE6>1),999,BA6*10+3),999) -> 23 | BI6: =IF(AW6=BD6,IF(AND(4=3,BE6>1),999,BB6*10+4),999) -> 999 | BJ6: =IF(AX6=BD6,IF(AND(5=3,BE6>1),999,BC6*10+5),999) -> 999 | BK6: =MATCH(MIN(BF6:BJ6),BF6:BJ6,0) -> 3 | BL6: =INDEX(AY6:BC6,BK6) -> 2 | BM6: =SUMPRODUCT((Values!$BK$4:$CN$4=1)*ISNUMBER(Values!$BK11:$CN11)) -> 7 | BN6: =MAX(COUNTIF(Values!$BK11:$CN11,1),COUNTIF(Values!$BK11:$CN11,2),COUNTIF(Values!$BK11:$CN11,3),COUNTIF(Values!$BK11:$CN11,4),COUNTIF(Values!$BK11:$CN11,5))/COUNT(Values!$BK11:$CN11) -> 0.43333333 | BO6: =--OR(AND(BK6<>3,BL6>=BM6-flat_reverse_slack),BN6>=flat_modal_share) -> 0 | BP6: =SUMPRODUCT((Values!$AG11:$BJ11=Values!$BK11:$CN11)*ISNUMBER(Values!$AG11:$BJ11)*ISNUMBER(Values!$BK11:$CN11)) -> 21 | BQ6: =--(BP6>=stance_identical_min) -> 0
A7: =Values!$A$12 -> Liam O'Connor | B7: =SUMPRODUCT((Values!$G12:$W12=1)*(Values!$G$4:$W$4=0)) -> 0 | C7: =SUMPRODUCT((Values!$G12:$W12=2)*(Values!$G$4:$W$4=0)) -> 2 | D7: =SUMPRODUCT((Values!$G12:$W12=3)*(Values!$G$4:$W$4=0)) -> 5 | E7: =SUMPRODUCT((Values!$G12:$W12=4)*(Values!$G$4:$W$4=0)) -> 4 | F7: =SUMPRODUCT((Values!$G12:$W12=5)*(Values!$G$4:$W$4=0)) -> 1 | G7: =SUMPRODUCT((Values!$G12:$W12=1)*(Values!$G$4:$W$4=1)) -> 0 | H7: =SUMPRODUCT((Values!$G12:$W12=2)*(Values!$G$4:$W$4=1)) -> 4 | I7: =SUMPRODUCT((Values!$G12:$W12=3)*(Values!$G$4:$W$4=1)) -> 1 | J7: =SUMPRODUCT((Values!$G12:$W12=4)*(Values!$G$4:$W$4=1)) -> 0 | K7: =SUMPRODUCT((Values!$G12:$W12=5)*(Values!$G$4:$W$4=1)) -> 0 | L7: =MAX(B7:F7) -> 5 | M7: =COUNTIF(B7:F7,L7) -> 1 | N7: =IF(B7=L7,IF(AND(1=3,M7>1),999,G7*10+1),999) -> 999 | O7: =IF(C7=L7,IF(AND(2=3,M7>1),999,H7*10+2),999) -> 999 | P7: =IF(D7=L7,IF(AND(3=3,M7>1),999,I7*10+3),999) -> 13 | Q7: =IF(E7=L7,IF(AND(4=3,M7>1),999,J7*10+4),999) -> 999 | R7: =IF(F7=L7,IF(AND(5=3,M7>1),999,K7*10+5),999) -> 999 | S7: =MATCH(MIN(N7:R7),N7:R7,0) -> 3 | T7: =INDEX(G7:K7,S7) -> 1 | U7: =SUMPRODUCT((Values!$G$4:$W$4=1)*ISNUMBER(Values!$G12:$W12)) -> 5 | V7: =MAX(COUNTIF(Values!$G12:$W12,1),COUNTIF(Values!$G12:$W12,2),COUNTIF(Values!$G12:$W12,3),COUNTIF(Values!$G12:$W12,4),COUNTIF(Values!$G12:$W12,5))/COUNT(Values!$G12:$W12) -> 0.35294118 | W7: =--OR(AND(S7<>3,T7>=U7-flat_reverse_slack),V7>=flat_modal_share) -> 0 | X7: =SUMPRODUCT((Values!$AG12:$BJ12=1)*(Values!$AG$4:$BJ$4=0)) -> 0 | Y7: =SUMPRODUCT((Values!$AG12:$BJ12=2)*(Values!$AG$4:$BJ$4=0)) -> 3 | Z7: =SUMPRODUCT((Values!$AG12:$BJ12=3)*(Values!$AG$4:$BJ$4=0)) -> 10 | AA7: =SUMPRODUCT((Values!$AG12:$BJ12=4)*(Values!$AG$4:$BJ$4=0)) -> 9 | AB7: =SUMPRODUCT((Values!$AG12:$BJ12=5)*(Values!$AG$4:$BJ$4=0)) -> 1 | AC7: =SUMPRODUCT((Values!$AG12:$BJ12=1)*(Values!$AG$4:$BJ$4=1)) -> 0 | AD7: =SUMPRODUCT((Values!$AG12:$BJ12=2)*(Values!$AG$4:$BJ$4=1)) -> 4 | AE7: =SUMPRODUCT((Values!$AG12:$BJ12=3)*(Values!$AG$4:$BJ$4=1)) -> 3 | AF7: =SUMPRODUCT((Values!$AG12:$BJ12=4)*(Values!$AG$4:$BJ$4=1)) -> 0 | AG7: =SUMPRODUCT((Values!$AG12:$BJ12=5)*(Values!$AG$4:$BJ$4=1)) -> 0 | AH7: =MAX(X7:AB7) -> 10 | AI7: =COUNTIF(X7:AB7,AH7) -> 1 | AJ7: =IF(X7=AH7,IF(AND(1=3,AI7>1),999,AC7*10+1),999) -> 999 | AK7: =IF(Y7=AH7,IF(AND(2=3,AI7>1),999,AD7*10+2),999) -> 999 | AL7: =IF(Z7=AH7,IF(AND(3=3,AI7>1),999,AE7*10+3),999) -> 33 | AM7: =IF(AA7=AH7,IF(AND(4=3,AI7>1),999,AF7*10+4),999) -> 999 | AN7: =IF(AB7=AH7,IF(AND(5=3,AI7>1),999,AG7*10+5),999) -> 999 | AO7: =MATCH(MIN(AJ7:AN7),AJ7:AN7,0) -> 3 | AP7: =INDEX(AC7:AG7,AO7) -> 3 | AQ7: =SUMPRODUCT((Values!$AG$4:$BJ$4=1)*ISNUMBER(Values!$AG12:$BJ12)) -> 7 | AR7: =MAX(COUNTIF(Values!$AG12:$BJ12,1),COUNTIF(Values!$AG12:$BJ12,2),COUNTIF(Values!$AG12:$BJ12,3),COUNTIF(Values!$AG12:$BJ12,4),COUNTIF(Values!$AG12:$BJ12,5))/COUNT(Values!$AG12:$BJ12) -> 0.43333333 | AS7: =--OR(AND(AO7<>3,AP7>=AQ7-flat_reverse_slack),AR7>=flat_modal_share) -> 0 | AT7: =SUMPRODUCT((Values!$BK12:$CN12=1)*(Values!$BK$4:$CN$4=0)) -> 0 | AU7: =SUMPRODUCT((Values!$BK12:$CN12=2)*(Values!$BK$4:$CN$4=0)) -> 4 | AV7: =SUMPRODUCT((Values!$BK12:$CN12=3)*(Values!$BK$4:$CN$4=0)) -> 4 | AW7: =SUMPRODUCT((Values!$BK12:$CN12=4)*(Values!$BK$4:$CN$4=0)) -> 15 | AX7: =SUMPRODUCT((Values!$BK12:$CN12=5)*(Values!$BK$4:$CN$4=0)) -> 0 | AY7: =SUMPRODUCT((Values!$BK12:$CN12=1)*(Values!$BK$4:$CN$4=1)) -> 1 | AZ7: =SUMPRODUCT((Values!$BK12:$CN12=2)*(Values!$BK$4:$CN$4=1)) -> 4 | BA7: =SUMPRODUCT((Values!$BK12:$CN12=3)*(Values!$BK$4:$CN$4=1)) -> 1 | BB7: =SUMPRODUCT((Values!$BK12:$CN12=4)*(Values!$BK$4:$CN$4=1)) -> 1 | BC7: =SUMPRODUCT((Values!$BK12:$CN12=5)*(Values!$BK$4:$CN$4=1)) -> 0 | BD7: =MAX(AT7:AX7) -> 15 | BE7: =COUNTIF(AT7:AX7,BD7) -> 1 | BF7: =IF(AT7=BD7,IF(AND(1=3,BE7>1),999,AY7*10+1),999) -> 999 | BG7: =IF(AU7=BD7,IF(AND(2=3,BE7>1),999,AZ7*10+2),999) -> 999 | BH7: =IF(AV7=BD7,IF(AND(3=3,BE7>1),999,BA7*10+3),999) -> 999 | BI7: =IF(AW7=BD7,IF(AND(4=3,BE7>1),999,BB7*10+4),999) -> 14 | BJ7: =IF(AX7=BD7,IF(AND(5=3,BE7>1),999,BC7*10+5),999) -> 999 | BK7: =MATCH(MIN(BF7:BJ7),BF7:BJ7,0) -> 4 | BL7: =INDEX(AY7:BC7,BK7) -> 1 | BM7: =SUMPRODUCT((Values!$BK$4:$CN$4=1)*ISNUMBER(Values!$BK12:$CN12)) -> 7 | BN7: =MAX(COUNTIF(Values!$BK12:$CN12,1),COUNTIF(Values!$BK12:$CN12,2),COUNTIF(Values!$BK12:$CN12,3),COUNTIF(Values!$BK12:$CN12,4),COUNTIF(Values!$BK12:$CN12,5))/COUNT(Values!$BK12:$CN12) -> 0.53333333 | BO7: =--OR(AND(BK7<>3,BL7>=BM7-flat_reverse_slack),BN7>=flat_modal_share) -> 0 | BP7: =SUMPRODUCT((Values!$AG12:$BJ12=Values!$BK12:$CN12)*ISNUMBER(Values!$AG12:$BJ12)*ISNUMBER(Values!$BK12:$CN12)) -> 18 | BQ7: =--(BP7>=stance_identical_min) -> 0
A8: =Values!$A$13 -> Aisha Bello | B8: =SUMPRODUCT((Values!$G13:$W13=1)*(Values!$G$4:$W$4=0)) -> 0 | C8: =SUMPRODUCT((Values!$G13:$W13=2)*(Values!$G$4:$W$4=0)) -> 1 | D8: =SUMPRODUCT((Values!$G13:$W13=3)*(Values!$G$4:$W$4=0)) -> 9 | E8: =SUMPRODUCT((Values!$G13:$W13=4)*(Values!$G$4:$W$4=0)) -> 1 | F8: =SUMPRODUCT((Values!$G13:$W13=5)*(Values!$G$4:$W$4=0)) -> 0 | G8: =SUMPRODUCT((Values!$G13:$W13=1)*(Values!$G$4:$W$4=1)) -> 0 | H8: =SUMPRODUCT((Values!$G13:$W13=2)*(Values!$G$4:$W$4=1)) -> 1 | I8: =SUMPRODUCT((Values!$G13:$W13=3)*(Values!$G$4:$W$4=1)) -> 1 | J8: =SUMPRODUCT((Values!$G13:$W13=4)*(Values!$G$4:$W$4=1)) -> 3 | K8: =SUMPRODUCT((Values!$G13:$W13=5)*(Values!$G$4:$W$4=1)) -> 0 | L8: =MAX(B8:F8) -> 9 | M8: =COUNTIF(B8:F8,L8) -> 1 | N8: =IF(B8=L8,IF(AND(1=3,M8>1),999,G8*10+1),999) -> 999 | O8: =IF(C8=L8,IF(AND(2=3,M8>1),999,H8*10+2),999) -> 999 | P8: =IF(D8=L8,IF(AND(3=3,M8>1),999,I8*10+3),999) -> 13 | Q8: =IF(E8=L8,IF(AND(4=3,M8>1),999,J8*10+4),999) -> 999 | R8: =IF(F8=L8,IF(AND(5=3,M8>1),999,K8*10+5),999) -> 999 | S8: =MATCH(MIN(N8:R8),N8:R8,0) -> 3 | T8: =INDEX(G8:K8,S8) -> 1 | U8: =SUMPRODUCT((Values!$G$4:$W$4=1)*ISNUMBER(Values!$G13:$W13)) -> 5 | V8: =MAX(COUNTIF(Values!$G13:$W13,1),COUNTIF(Values!$G13:$W13,2),COUNTIF(Values!$G13:$W13,3),COUNTIF(Values!$G13:$W13,4),COUNTIF(Values!$G13:$W13,5))/COUNT(Values!$G13:$W13) -> 0.625 | W8: =--OR(AND(S8<>3,T8>=U8-flat_reverse_slack),V8>=flat_modal_share) -> 0 | X8: =SUMPRODUCT((Values!$AG13:$BJ13=1)*(Values!$AG$4:$BJ$4=0)) -> 0 | Y8: =SUMPRODUCT((Values!$AG13:$BJ13=2)*(Values!$AG$4:$BJ$4=0)) -> 4 | Z8: =SUMPRODUCT((Values!$AG13:$BJ13=3)*(Values!$AG$4:$BJ$4=0)) -> 13 | AA8: =SUMPRODUCT((Values!$AG13:$BJ13=4)*(Values!$AG$4:$BJ$4=0)) -> 5 | AB8: =SUMPRODUCT((Values!$AG13:$BJ13=5)*(Values!$AG$4:$BJ$4=0)) -> 1 | AC8: =SUMPRODUCT((Values!$AG13:$BJ13=1)*(Values!$AG$4:$BJ$4=1)) -> 1 | AD8: =SUMPRODUCT((Values!$AG13:$BJ13=2)*(Values!$AG$4:$BJ$4=1)) -> 3 | AE8: =SUMPRODUCT((Values!$AG13:$BJ13=3)*(Values!$AG$4:$BJ$4=1)) -> 3 | AF8: =SUMPRODUCT((Values!$AG13:$BJ13=4)*(Values!$AG$4:$BJ$4=1)) -> 0 | AG8: =SUMPRODUCT((Values!$AG13:$BJ13=5)*(Values!$AG$4:$BJ$4=1)) -> 0 | AH8: =MAX(X8:AB8) -> 13 | AI8: =COUNTIF(X8:AB8,AH8) -> 1 | AJ8: =IF(X8=AH8,IF(AND(1=3,AI8>1),999,AC8*10+1),999) -> 999 | AK8: =IF(Y8=AH8,IF(AND(2=3,AI8>1),999,AD8*10+2),999) -> 999 | AL8: =IF(Z8=AH8,IF(AND(3=3,AI8>1),999,AE8*10+3),999) -> 33 | AM8: =IF(AA8=AH8,IF(AND(4=3,AI8>1),999,AF8*10+4),999) -> 999 | AN8: =IF(AB8=AH8,IF(AND(5=3,AI8>1),999,AG8*10+5),999) -> 999 | AO8: =MATCH(MIN(AJ8:AN8),AJ8:AN8,0) -> 3 | AP8: =INDEX(AC8:AG8,AO8) -> 3 | AQ8: =SUMPRODUCT((Values!$AG$4:$BJ$4=1)*ISNUMBER(Values!$AG13:$BJ13)) -> 7 | AR8: =MAX(COUNTIF(Values!$AG13:$BJ13,1),COUNTIF(Values!$AG13:$BJ13,2),COUNTIF(Values!$AG13:$BJ13,3),COUNTIF(Values!$AG13:$BJ13,4),COUNTIF(Values!$AG13:$BJ13,5))/COUNT(Values!$AG13:$BJ13) -> 0.53333333 | AS8: =--OR(AND(AO8<>3,AP8>=AQ8-flat_reverse_slack),AR8>=flat_modal_share) -> 0 | AT8: =SUMPRODUCT((Values!$BK13:$CN13=1)*(Values!$BK$4:$CN$4=0)) -> 0 | AU8: =SUMPRODUCT((Values!$BK13:$CN13=2)*(Values!$BK$4:$CN$4=0)) -> 5 | AV8: =SUMPRODUCT((Values!$BK13:$CN13=3)*(Values!$BK$4:$CN$4=0)) -> 11 | AW8: =SUMPRODUCT((Values!$BK13:$CN13=4)*(Values!$BK$4:$CN$4=0)) -> 6 | AX8: =SUMPRODUCT((Values!$BK13:$CN13=5)*(Values!$BK$4:$CN$4=0)) -> 1 | AY8: =SUMPRODUCT((Values!$BK13:$CN13=1)*(Values!$BK$4:$CN$4=1)) -> 1 | AZ8: =SUMPRODUCT((Values!$BK13:$CN13=2)*(Values!$BK$4:$CN$4=1)) -> 2 | BA8: =SUMPRODUCT((Values!$BK13:$CN13=3)*(Values!$BK$4:$CN$4=1)) -> 4 | BB8: =SUMPRODUCT((Values!$BK13:$CN13=4)*(Values!$BK$4:$CN$4=1)) -> 0 | BC8: =SUMPRODUCT((Values!$BK13:$CN13=5)*(Values!$BK$4:$CN$4=1)) -> 0 | BD8: =MAX(AT8:AX8) -> 11 | BE8: =COUNTIF(AT8:AX8,BD8) -> 1 | BF8: =IF(AT8=BD8,IF(AND(1=3,BE8>1),999,AY8*10+1),999) -> 999 | BG8: =IF(AU8=BD8,IF(AND(2=3,BE8>1),999,AZ8*10+2),999) -> 999 | BH8: =IF(AV8=BD8,IF(AND(3=3,BE8>1),999,BA8*10+3),999) -> 43 | BI8: =IF(AW8=BD8,IF(AND(4=3,BE8>1),999,BB8*10+4),999) -> 999 | BJ8: =IF(AX8=BD8,IF(AND(5=3,BE8>1),999,BC8*10+5),999) -> 999 | BK8: =MATCH(MIN(BF8:BJ8),BF8:BJ8,0) -> 3 | BL8: =INDEX(AY8:BC8,BK8) -> 4 | BM8: =SUMPRODUCT((Values!$BK$4:$CN$4=1)*ISNUMBER(Values!$BK13:$CN13)) -> 7 | BN8: =MAX(COUNTIF(Values!$BK13:$CN13,1),COUNTIF(Values!$BK13:$CN13,2),COUNTIF(Values!$BK13:$CN13,3),COUNTIF(Values!$BK13:$CN13,4),COUNTIF(Values!$BK13:$CN13,5))/COUNT(Values!$BK13:$CN13) -> 0.5 | BO8: =--OR(AND(BK8<>3,BL8>=BM8-flat_reverse_slack),BN8>=flat_modal_share) -> 0 | BP8: =SUMPRODUCT((Values!$AG13:$BJ13=Values!$BK13:$CN13)*ISNUMBER(Values!$AG13:$BJ13)*ISNUMBER(Values!$BK13:$CN13)) -> 21 | BQ8: =--(BP8>=stance_identical_min) -> 0
A9: =Values!$A$14 -> Jonas Weber | B9: =SUMPRODUCT((Values!$G14:$W14=1)*(Values!$G$4:$W$4=0)) -> 0 | C9: =SUMPRODUCT((Values!$G14:$W14=2)*(Values!$G$4:$W$4=0)) -> 2 | D9: =SUMPRODUCT((Values!$G14:$W14=3)*(Values!$G$4:$W$4=0)) -> 6 | E9: =SUMPRODUCT((Values!$G14:$W14=4)*(Values!$G$4:$W$4=0)) -> 4 | F9: =SUMPRODUCT((Values!$G14:$W14=5)*(Values!$G$4:$W$4=0)) -> 0 | G9: =SUMPRODUCT((Values!$G14:$W14=1)*(Values!$G$4:$W$4=1)) -> 0 | H9: =SUMPRODUCT((Values!$G14:$W14=2)*(Values!$G$4:$W$4=1)) -> 1 | I9: =SUMPRODUCT((Values!$G14:$W14=3)*(Values!$G$4:$W$4=1)) -> 4 | J9: =SUMPRODUCT((Values!$G14:$W14=4)*(Values!$G$4:$W$4=1)) -> 0 | K9: =SUMPRODUCT((Values!$G14:$W14=5)*(Values!$G$4:$W$4=1)) -> 0 | L9: =MAX(B9:F9) -> 6 | M9: =COUNTIF(B9:F9,L9) -> 1 | N9: =IF(B9=L9,IF(AND(1=3,M9>1),999,G9*10+1),999) -> 999 | O9: =IF(C9=L9,IF(AND(2=3,M9>1),999,H9*10+2),999) -> 999 | P9: =IF(D9=L9,IF(AND(3=3,M9>1),999,I9*10+3),999) -> 43 | Q9: =IF(E9=L9,IF(AND(4=3,M9>1),999,J9*10+4),999) -> 999 | R9: =IF(F9=L9,IF(AND(5=3,M9>1),999,K9*10+5),999) -> 999 | S9: =MATCH(MIN(N9:R9),N9:R9,0) -> 3 | T9: =INDEX(G9:K9,S9) -> 4 | U9: =SUMPRODUCT((Values!$G$4:$W$4=1)*ISNUMBER(Values!$G14:$W14)) -> 5 | V9: =MAX(COUNTIF(Values!$G14:$W14,1),COUNTIF(Values!$G14:$W14,2),COUNTIF(Values!$G14:$W14,3),COUNTIF(Values!$G14:$W14,4),COUNTIF(Values!$G14:$W14,5))/COUNT(Values!$G14:$W14) -> 0.58823529 | W9: =--OR(AND(S9<>3,T9>=U9-flat_reverse_slack),V9>=flat_modal_share) -> 0 | X9: =SUMPRODUCT((Values!$AG14:$BJ14=1)*(Values!$AG$4:$BJ$4=0)) -> 0 | Y9: =SUMPRODUCT((Values!$AG14:$BJ14=2)*(Values!$AG$4:$BJ$4=0)) -> 0 | Z9: =SUMPRODUCT((Values!$AG14:$BJ14=3)*(Values!$AG$4:$BJ$4=0)) -> 0 | AA9: =SUMPRODUCT((Values!$AG14:$BJ14=4)*(Values!$AG$4:$BJ$4=0)) -> 23 | AB9: =SUMPRODUCT((Values!$AG14:$BJ14=5)*(Values!$AG$4:$BJ$4=0)) -> 0 | AC9: =SUMPRODUCT((Values!$AG14:$BJ14=1)*(Values!$AG$4:$BJ$4=1)) -> 0 | AD9: =SUMPRODUCT((Values!$AG14:$BJ14=2)*(Values!$AG$4:$BJ$4=1)) -> 0 | AE9: =SUMPRODUCT((Values!$AG14:$BJ14=3)*(Values!$AG$4:$BJ$4=1)) -> 0 | AF9: =SUMPRODUCT((Values!$AG14:$BJ14=4)*(Values!$AG$4:$BJ$4=1)) -> 7 | AG9: =SUMPRODUCT((Values!$AG14:$BJ14=5)*(Values!$AG$4:$BJ$4=1)) -> 0 | AH9: =MAX(X9:AB9) -> 23 | AI9: =COUNTIF(X9:AB9,AH9) -> 1 | AJ9: =IF(X9=AH9,IF(AND(1=3,AI9>1),999,AC9*10+1),999) -> 999 | AK9: =IF(Y9=AH9,IF(AND(2=3,AI9>1),999,AD9*10+2),999) -> 999 | AL9: =IF(Z9=AH9,IF(AND(3=3,AI9>1),999,AE9*10+3),999) -> 999 | AM9: =IF(AA9=AH9,IF(AND(4=3,AI9>1),999,AF9*10+4),999) -> 74 | AN9: =IF(AB9=AH9,IF(AND(5=3,AI9>1),999,AG9*10+5),999) -> 999 | AO9: =MATCH(MIN(AJ9:AN9),AJ9:AN9,0) -> 4 | AP9: =INDEX(AC9:AG9,AO9) -> 7 | AQ9: =SUMPRODUCT((Values!$AG$4:$BJ$4=1)*ISNUMBER(Values!$AG14:$BJ14)) -> 7 | AR9: =MAX(COUNTIF(Values!$AG14:$BJ14,1),COUNTIF(Values!$AG14:$BJ14,2),COUNTIF(Values!$AG14:$BJ14,3),COUNTIF(Values!$AG14:$BJ14,4),COUNTIF(Values!$AG14:$BJ14,5))/COUNT(Values!$AG14:$BJ14) -> 1 | AS9: =--OR(AND(AO9<>3,AP9>=AQ9-flat_reverse_slack),AR9>=flat_modal_share) -> 1 | AT9: =SUMPRODUCT((Values!$BK14:$CN14=1)*(Values!$BK$4:$CN$4=0)) -> 0 | AU9: =SUMPRODUCT((Values!$BK14:$CN14=2)*(Values!$BK$4:$CN$4=0)) -> 0 | AV9: =SUMPRODUCT((Values!$BK14:$CN14=3)*(Values!$BK$4:$CN$4=0)) -> 0 | AW9: =SUMPRODUCT((Values!$BK14:$CN14=4)*(Values!$BK$4:$CN$4=0)) -> 23 | AX9: =SUMPRODUCT((Values!$BK14:$CN14=5)*(Values!$BK$4:$CN$4=0)) -> 0 | AY9: =SUMPRODUCT((Values!$BK14:$CN14=1)*(Values!$BK$4:$CN$4=1)) -> 0 | AZ9: =SUMPRODUCT((Values!$BK14:$CN14=2)*(Values!$BK$4:$CN$4=1)) -> 0 | BA9: =SUMPRODUCT((Values!$BK14:$CN14=3)*(Values!$BK$4:$CN$4=1)) -> 0 | BB9: =SUMPRODUCT((Values!$BK14:$CN14=4)*(Values!$BK$4:$CN$4=1)) -> 7 | BC9: =SUMPRODUCT((Values!$BK14:$CN14=5)*(Values!$BK$4:$CN$4=1)) -> 0 | BD9: =MAX(AT9:AX9) -> 23 | BE9: =COUNTIF(AT9:AX9,BD9) -> 1 | BF9: =IF(AT9=BD9,IF(AND(1=3,BE9>1),999,AY9*10+1),999) -> 999 | BG9: =IF(AU9=BD9,IF(AND(2=3,BE9>1),999,AZ9*10+2),999) -> 999 | BH9: =IF(AV9=BD9,IF(AND(3=3,BE9>1),999,BA9*10+3),999) -> 999 | BI9: =IF(AW9=BD9,IF(AND(4=3,BE9>1),999,BB9*10+4),999) -> 74 | BJ9: =IF(AX9=BD9,IF(AND(5=3,BE9>1),999,BC9*10+5),999) -> 999 | BK9: =MATCH(MIN(BF9:BJ9),BF9:BJ9,0) -> 4 | BL9: =INDEX(AY9:BC9,BK9) -> 7 | BM9: =SUMPRODUCT((Values!$BK$4:$CN$4=1)*ISNUMBER(Values!$BK14:$CN14)) -> 7 | BN9: =MAX(COUNTIF(Values!$BK14:$CN14,1),COUNTIF(Values!$BK14:$CN14,2),COUNTIF(Values!$BK14:$CN14,3),COUNTIF(Values!$BK14:$CN14,4),COUNTIF(Values!$BK14:$CN14,5))/COUNT(Values!$BK14:$CN14) -> 1 | BO9: =--OR(AND(BK9<>3,BL9>=BM9-flat_reverse_slack),BN9>=flat_modal_share) -> 1 | BP9: =SUMPRODUCT((Values!$AG14:$BJ14=Values!$BK14:$CN14)*ISNUMBER(Values!$AG14:$BJ14)*ISNUMBER(Values!$BK14:$CN14)) -> 30 | BQ9: =--(BP9>=stance_identical_min) -> 1

Sheet Export
A1: schema | B1: respondent | C1: completed | D1: roster_n | E1: context.copilot | F1: context.copilot-studio | G1: context.m365-copilot | H1: context.azure-ai-foundry | I1: context.other-tool | J1: dimension.comfort.current | K1: dimension.comfort.future-personal | L1: dimension.comfort.future-team | M1: dimension.trust.current | N1: dimension.trust.future-personal | O1: dimension.trust.future-team | P1: dimension.fluency.current | Q1: dimension.fluency.future-personal | R1: dimension.fluency.future-team | S1: dimension.guardrails.current | T1: dimension.guardrails.future-personal | U1: dimension.guardrails.future-team | V1: dimension.concern.current | W1: dimension.concern.future-personal | X1: dimension.concern.future-team | Y1: dimension.autonomy.current | Z1: dimension.autonomy.future-personal | AA1: dimension.autonomy.future-team | AB1: dimension.craft-values.current | AC1: dimension.craft-values.future-personal | AD1: dimension.craft-values.future-team | AE1: gap.comfort.personal | AF1: gap.comfort.stance | AG1: gap.trust.personal | AH1: gap.trust.stance | AI1: gap.fluency.personal | AJ1: gap.fluency.stance | AK1: gap.guardrails.personal | AL1: gap.guardrails.stance | AM1: gap.concern.personal | AN1: gap.concern.stance | AO1: gap.autonomy.personal | AP1: gap.autonomy.stance | AQ1: gap.craft-values.personal | AR1: gap.craft-values.stance | AS1: area.requirements.current | AT1: area.requirements.future-personal | AU1: area.requirements.future-team | AV1: area.architecture.current | AW1: area.architecture.future-personal | AX1: area.architecture.future-team | AY1: area.production-code.current | AZ1: area.production-code.future-personal | BA1: area.production-code.future-team | BB1: area.tests.current | BC1: area.tests.future-personal | BD1: area.tests.future-team | BE1: area.code-review.current | BF1: area.code-review.future-personal | BG1: area.code-review.future-team | BH1: area.debugging.current | BI1: area.debugging.future-personal | BJ1: area.debugging.future-team | BK1: area.documentation.current | BL1: area.documentation.future-personal | BM1: area.documentation.future-team | BN1: area.refactoring.current | BO1: area.refactoring.future-personal | BP1: area.refactoring.future-team | BQ1: area.ci-cd.current | BR1: area.ci-cd.future-personal | BS1: area.ci-cd.future-team | BT1: area.infrastructure.current | BU1: area.infrastructure.future-personal | BV1: area.infrastructure.future-team | BW1: area.incident-response.current | BX1: area.incident-response.future-personal | BY1: area.incident-response.future-team | BZ1: area.monitoring.current | CA1: area.monitoring.future-personal | CB1: area.monitoring.future-team | CC1: area.data-migrations.current | CD1: area.data-migrations.future-personal | CE1: area.data-migrations.future-team | CF1: area.security-review.current | CG1: area.security-review.future-personal | CH1: area.security-review.future-team | CI1: area.dependency-upgrades.current | CJ1: area.dependency-upgrades.future-personal | CK1: area.dependency-upgrades.future-team | CL1: area.estimates.current | CM1: area.estimates.future-personal | CN1: area.estimates.future-team | CO1: area.stakeholder-comms.current | CP1: area.stakeholder-comms.future-personal | CQ1: area.stakeholder-comms.future-team | CR1: area.learning.current | CS1: area.learning.future-personal | CT1: area.learning.future-team | CU1: area.meeting-notes.current | CV1: area.meeting-notes.future-personal | CW1: area.meeting-notes.future-team | CX1: area-gap.requirements.personal | CY1: area-gap.requirements.stance | CZ1: area-gap.architecture.personal | DA1: area-gap.architecture.stance | DB1: area-gap.production-code.personal | DC1: area-gap.production-code.stance | DD1: area-gap.tests.personal | DE1: area-gap.tests.stance | DF1: area-gap.code-review.personal | DG1: area-gap.code-review.stance | DH1: area-gap.debugging.personal | DI1: area-gap.debugging.stance | DJ1: area-gap.documentation.personal | DK1: area-gap.documentation.stance | DL1: area-gap.refactoring.personal | DM1: area-gap.refactoring.stance | DN1: area-gap.ci-cd.personal | DO1: area-gap.ci-cd.stance | DP1: area-gap.infrastructure.personal | DQ1: area-gap.infrastructure.stance | DR1: area-gap.incident-response.personal | DS1: area-gap.incident-response.stance | DT1: area-gap.monitoring.personal | DU1: area-gap.monitoring.stance | DV1: area-gap.data-migrations.personal | DW1: area-gap.data-migrations.stance | DX1: area-gap.security-review.personal | DY1: area-gap.security-review.stance | DZ1: area-gap.dependency-upgrades.personal | EA1: area-gap.dependency-upgrades.stance | EB1: area-gap.estimates.personal | EC1: area-gap.estimates.stance | ED1: area-gap.stakeholder-comms.personal | EE1: area-gap.stakeholder-comms.stance | EF1: area-gap.learning.personal | EG1: area-gap.learning.stance | EH1: area-gap.meeting-notes.personal | EI1: area-gap.meeting-notes.stance | EJ1: edge.P1.future-personal | EK1: edge.P1.future-team | EL1: edge.P2.future-personal | EM1: edge.P2.future-team | EN1: edge.P3.future-personal | EO1: edge.P3.future-team | EP1: edge.P4.future-personal | EQ1: edge.P4.future-team | ER1: edge.P5.future-personal | ES1: edge.P5.future-team | ET1: safeguard.read-myself.current | EU1: safeguard.read-myself.future-personal | EV1: safeguard.read-myself.future-team | EW1: safeguard.another-person.current | EX1: safeguard.another-person.future-personal | EY1: safeguard.another-person.future-team | EZ1: safeguard.tests.current | FA1: safeguard.tests.future-personal | FB1: safeguard.tests.future-team | FC1: safeguard.rollback.current | FD1: safeguard.rollback.future-personal | FE1: safeguard.rollback.future-team | FF1: safeguard.schema-check.current | FG1: safeguard.schema-check.future-personal | FH1: safeguard.schema-check.future-team | FI1: safeguard.small-blast-radius.current | FJ1: safeguard.small-blast-radius.future-personal | FK1: safeguard.small-blast-radius.future-team | FL1: safeguard.security-scan.current | FM1: safeguard.security-scan.future-personal | FN1: safeguard.security-scan.future-team | FO1: lever.another-person | FP1: lever.tests | FQ1: lever.rollback | FR1: lever.schema-check | FS1: lever.small-blast-radius | FT1: lever.security-scan | FU1: learn.another-person | FV1: learn.tests | FW1: learn.rollback | FX1: learn.schema-check | FY1: learn.small-blast-radius | FZ1: learn.security-scan | GA1: interest.another-person | GB1: interest.tests | GC1: interest.rollback | GD1: interest.schema-check | GE1: interest.small-blast-radius | GF1: interest.security-scan | GG1: flag.malformed | GH1: flag.inconsistent-current | GI1: flag.inconsistent-future-personal | GJ1: flag.inconsistent-future-team | GK1: flag.hold | GL1: flag.flat-current | GM1: flag.flat-future-personal | GN1: flag.flat-future-team | GO1: flag.stance-identical | GP1: pattern.mode.current | GQ1: pattern.mode.future-personal | GR1: pattern.mode.future-team | GS1: pattern.modal-share.current | GT1: pattern.modal-share.future-personal | GU1: pattern.modal-share.future-team | GV1: pattern.reverse-agree.current | GW1: pattern.reverse-agree.future-personal | GX1: pattern.reverse-agree.future-team | GY1: pattern.stance-identical | GZ1: item.C1.current | HA1: item.C2.current | HB1: item.C3.current | HC1: item.T1.current | HD1: item.T2.current | HE1: item.T3.current | HF1: item.F1.current | HG1: item.F2.current | HH1: item.F3.current | HI1: item.G1.current | HJ1: item.G2.current | HK1: item.G3.current | HL1: item.G4.current | HM1: item.G5.current | HN1: item.G6.current | HO1: item.N1.current | HP1: item.N2.current | HQ1: item.N3.current | HR1: item.N4.current | HS1: item.N5.current | HT1: item.A1.current | HU1: item.A2.current | HV1: item.A3.current | HW1: item.V1.current | HX1: item.V2.current | HY1: item.V3.current | HZ1: item.FC1.future-personal | IA1: item.FC1.future-team | IB1: item.FC2.future-personal | IC1: item.FC2.future-team | ID1: item.FC3.future-personal | IE1: item.FC3.future-team | IF1: item.FT1.future-personal | IG1: item.FT1.future-team | IH1: item.FT2.future-personal | II1: item.FT2.future-team | IJ1: item.FT3.future-personal | IK1: item.FT3.future-team | IL1: item.FF1.future-personal | IM1: item.FF1.future-team | IN1: item.FF2.future-personal | IO1: item.FF2.future-team | IP1: item.FF3.future-personal | IQ1: item.FF3.future-team | IR1: item.FG1.future-personal | IS1: item.FG1.future-team | IT1: item.FG2.future-personal | IU1: item.FG2.future-team | IV1: item.FG3.future-personal | IW1: item.FG3.future-team | IX1: item.FG4.future-personal | IY1: item.FG4.future-team | IZ1: item.FG5.future-personal | JA1: item.FG5.future-team | JB1: item.FN1.future-personal | JC1: item.FN1.future-team | JD1: item.FN2.future-personal | JE1: item.FN2.future-team | JF1: item.FN3.future-personal | JG1: item.FN3.future-team | JH1: item.FN4.future-personal | JI1: item.FN4.future-team | JJ1: item.FN5.future-personal | JK1: item.FN5.future-team | JL1: item.FA1.future-personal | JM1: item.FA1.future-team | JN1: item.FA2.future-personal | JO1: item.FA2.future-team | JP1: item.FA3.future-personal | JQ1: item.FA3.future-team | JR1: item.FV1.future-personal | JS1: item.FV1.future-team | JT1: item.FV2.future-personal | JU1: item.FV2.future-team | JV1: item.FV3.future-personal | JW1: item.FV3.future-team | JX1: probe.P1.future-personal | JY1: probe.P1.future-team | JZ1: probe.P2.future-personal | KA1: probe.P2.future-team | KB1: probe.P3.future-personal | KC1: probe.P3.future-team | KD1: probe.P4.future-personal | KE1: probe.P4.future-team | KF1: probe.P5.future-personal | KG1: probe.P5.future-team
A2: =schema_version -> 1 | B2: =Values!$A$7 -> Maya Okafor | C2: =TEXT(Responses!$C$2,"yyyy-mm-dd") -> 2026-09-14 | D2: =roster_n -> 9 | E2: =Values!$B7 -> 4 | F2: =Values!$C7 -> 2 | G2: =Values!$D7 -> 3 | H2: =Values!$E7 -> 4 | I2: =Values!$F7 -> 4 | J2: =IF(COUNT(Values!$X7,Values!$AC7,Values!$K7)<3,NA(),AVERAGE(Values!$X7,Values!$AC7,6-Values!$K7)) -> 5 | K2: =IF(COUNT(Values!$AG7,Values!$AO7,Values!$BB7)<3,NA(),AVERAGE(Values!$AG7,Values!$AO7,6-Values!$BB7)) -> 4.3333333 | L2: =IF(COUNT(Values!$BK7,Values!$BS7,Values!$CF7)<3,NA(),AVERAGE(Values!$BK7,Values!$BS7,6-Values!$CF7)) -> 4.3333333 | M2: =IF(COUNT(Values!$G7,Values!$AA7,Values!$S7)<3,NA(),AVERAGE(Values!$G7,6-Values!$AA7,Values!$S7)) -> 4 | N2: =IF(COUNT(Values!$AH7,Values!$AS7,Values!$BA7)<3,NA(),AVERAGE(Values!$AH7,6-Values!$AS7,Values!$BA7)) -> 4.6666667 | O2: =IF(COUNT(Values!$BL7,Values!$BW7,Values!$CE7)<3,NA(),AVERAGE(Values!$BL7,6-Values!$BW7,Values!$CE7)) -> 3.6666667 | P2: =IF(COUNT(Values!$Y7,Values!$AE7,Values!$N7)<3,NA(),AVERAGE(Values!$Y7,Values!$AE7,6-Values!$N7)) -> 4.6666667 | Q2: =IF(COUNT(Values!$AM7,Values!$AV7,Values!$BF7)<3,NA(),AVERAGE(Values!$AM7,Values!$AV7,6-Values!$BF7)) -> 4.3333333 | R2: =IF(COUNT(Values!$BQ7,Values!$BZ7,Values!$CJ7)<3,NA(),AVERAGE(Values!$BQ7,Values!$BZ7,6-Values!$CJ7)) -> 4.3333333 | S2: =IF(COUNT(Values!$I7,Values!$M7,Values!$AB7,Values!$Q7,Values!$T7,Values!$W7)<6,NA(),AVERAGE(Values!$I7,AVERAGE(Values!$M7,Values!$AB7),Values!$Q7,Values!$T7,6-Values!$W7)) -> 1.8 | T2: =IF(COUNT(Values!$AJ7,Values!$AQ7,Values!$AX7,Values!$BE7,Values!$BI7)<5,NA(),AVERAGE(Values!$AJ7,Values!$AQ7,Values!$AX7,Values!$BE7,6-Values!$BI7)) -> 1.6 | U2: =IF(COUNT(Values!$BN7,Values!$BU7,Values!$CB7,Values!$CI7,Values!$CM7)<5,NA(),AVERAGE(Values!$BN7,Values!$BU7,Values!$CB7,Values!$CI7,6-Values!$CM7)) -> 2.4 | V2: =IF(COUNT(Values!$H7,Values!$L7,Values!$O7,Values!$R7,Values!$U7)<5,NA(),AVERAGE(Values!$H7,Values!$L7,Values!$O7,6-Values!$R7,Values!$U7)) -> 1 | W2: =IF(COUNT(Values!$AI7,Values!$AP7,Values!$AW7,Values!$BD7,Values!$BH7)<5,NA(),AVERAGE(Values!$AI7,Values!$AP7,Values!$AW7,6-Values!$BD7,Values!$BH7)) -> 2 | X2: =IF(COUNT(Values!$BM7,Values!$BT7,Values!$CA7,Values!$CH7,Values!$CL7)<5,NA(),AVERAGE(Values!$BM7,Values!$BT7,Values!$CA7,6-Values!$CH7,Values!$CL7)) -> 2.4 | Y2: =IF(COUNT(Values!$Z7,Values!$AF7,Values!$AD7)<3,NA(),AVERAGE(Values!$Z7,6-Values!$AF7,Values!$AD7)) -> 4 | Z2: =IF(COUNT(Values!$AK7,Values!$AR7,Values!$AY7)<3,NA(),AVERAGE(Values!$AK7,6-Values!$AR7,Values!$AY7)) -> 4.6666667 | AA2: =IF(COUNT(Values!$BO7,Values!$BV7,Values!$CC7)<3,NA(),AVERAGE(Values!$BO7,6-Values!$BV7,Values!$CC7)) -> 4 | AB2: =IF(COUNT(Values!$J7,Values!$P7,Values!$V7)<3,NA(),AVERAGE(Values!$J7,6-Values!$P7,Values!$V7)) -> 3 | AC2: =IF(COUNT(Values!$AL7,Values!$AT7,Values!$AZ7)<3,NA(),AVERAGE(Values!$AL7,6-Values!$AT7,Values!$AZ7)) -> 3 | AD2: =IF(COUNT(Values!$BP7,Values!$BX7,Values!$CD7)<3,NA(),AVERAGE(Values!$BP7,6-Values!$BX7,Values!$CD7)) -> 3.3333333 | AE2: =IF(OR(ISNA($K2),ISNA($J2)),NA(),$K2-$J2) -> -0.66666667 | AF2: =IF(OR(ISNA($L2),ISNA($K2)),NA(),$L2-$K2) -> 0 | AG2: =IF(OR(ISNA($N2),ISNA($M2)),NA(),$N2-$M2) -> 0.66666667 | AH2: =IF(OR(ISNA($O2),ISNA($N2)),NA(),$O2-$N2) -> -1 | AI2: =IF(OR(ISNA($Q2),ISNA($P2)),NA(),$Q2-$P2) -> -0.33333333 | AJ2: =IF(OR(ISNA($R2),ISNA($Q2)),NA(),$R2-$Q2) -> 0 | AK2: =IF(OR(ISNA($T2),ISNA($S2)),NA(),$T2-$S2) -> -0.2 | AL2: =IF(OR(ISNA($U2),ISNA($T2)),NA(),$U2-$T2) -> 0.8 | AM2: =IF(OR(ISNA($W2),ISNA($V2)),NA(),$W2-$V2) -> 1 | AN2: =IF(OR(ISNA($X2),ISNA($W2)),NA(),$X2-$W2) -> 0.4 | AO2: =IF(OR(ISNA($Z2),ISNA($Y2)),NA(),$Z2-$Y2) -> 0.66666667 | AP2: =IF(OR(ISNA($AA2),ISNA($Z2)),NA(),$AA2-$Z2) -> -0.66666667 | AQ2: =IF(OR(ISNA($AC2),ISNA($AB2)),NA(),$AC2-$AB2) -> 0 | AR2: =IF(OR(ISNA($AD2),ISNA($AC2)),NA(),$AD2-$AC2) -> 0.33333333 | AS2: =Values!$CO7 -> 5 | AT2: =Values!$DH7 -> 6 | AU2: =Values!$EA7 -> 6 | AV2: =Values!$CP7 -> 5 | AW2: =Values!$DI7 -> 6 | AX2: =Values!$EB7 -> 6 | AY2: =Values!$CQ7 -> 4 | AZ2: =Values!$DJ7 -> 5 | BA2: =Values!$EC7 -> 5 | BB2: =Values!$CR7 -> 4 | BC2: =Values!$DK7 -> 6 | BD2: =Values!$ED7 -> 6 | BE2: =Values!$CS7 -> 5 | BF2: =Values!$DL7 -> 6 | BG2: =Values!$EE7 -> 6 | BH2: =Values!$CT7 -> 4 | BI2: =Values!$DM7 -> 5 | BJ2: =Values!$EF7 -> 5 | BK2: =Values!$CU7 -> 4 | BL2: =Values!$DN7 -> 5 | BM2: =Values!$EG7 -> 5 | BN2: =Values!$CV7 -> 4 | BO2: =Values!$DO7 -> 5 | BP2: =Values!$EH7 -> 5 | BQ2: =Values!$CW7 -> 3 | BR2: =Values!$DP7 -> 4 | BS2: =Values!$EI7 -> 4 | BT2: =Values!$CX7 -> 3 | BU2: =Values!$DQ7 -> 4 | BV2: =Values!$EJ7 -> 4 | BW2: =Values!$CY7 -> 3 | BX2: =Values!$DR7 -> 5 | BY2: =Values!$EK7 -> 4 | BZ2: =Values!$CZ7 -> 3 | CA2: =Values!$DS7 -> 4 | CB2: =Values!$EL7 -> 4 | CC2: =Values!$DA7 -> 4 | CD2: =Values!$DT7 -> 6 | CE2: =Values!$EM7 -> 5 | CF2: =Values!$DB7 -> 4 | CG2: =Values!$DU7 -> 5 | CH2: =Values!$EN7 -> 4 | CI2: =Values!$DC7 -> 3 | CJ2: =Values!$DV7 -> 4 | CK2: =Values!$EO7 -> 4 | CL2: =Values!$DD7 -> 5 | CM2: =Values!$DW7 -> 6 | CN2: =Values!$EP7 -> 6 | CO2: =Values!$DE7 -> 5 | CP2: =Values!$DX7 -> 6 | CQ2: =Values!$EQ7 -> 6 | CR2: =Values!$DF7 -> 5 | CS2: =Values!$DY7 -> 6 | CT2: =Values!$ER7 -> 6 | CU2: =Values!$DG7 -> 5 | CV2: =Values!$DZ7 -> 6 | CW2: =Values!$ES7 -> 6 | CX2: =IF(AND(ISNUMBER($AT2),ISNUMBER($AS2)),$AT2-$AS2,"NA") -> 1 | CY2: =IF(AND(ISNUMBER($AU2),ISNUMBER($AT2)),$AU2-$AT2,"NA") -> 0 | CZ2: =IF(AND(ISNUMBER($AW2),ISNUMBER($AV2)),$AW2-$AV2,"NA") -> 1 | DA2: =IF(AND(ISNUMBER($AX2),ISNUMBER($AW2)),$AX2-$AW2,"NA") -> 0 | DB2: =IF(AND(ISNUMBER($AZ2),ISNUMBER($AY2)),$AZ2-$AY2,"NA") -> 1 | DC2: =IF(AND(ISNUMBER($BA2),ISNUMBER($AZ2)),$BA2-$AZ2,"NA") -> 0 | DD2: =IF(AND(ISNUMBER($BC2),ISNUMBER($BB2)),$BC2-$BB2,"NA") -> 2 | DE2: =IF(AND(ISNUMBER($BD2),ISNUMBER($BC2)),$BD2-$BC2,"NA") -> 0 | DF2: =IF(AND(ISNUMBER($BF2),ISNUMBER($BE2)),$BF2-$BE2,"NA") -> 1 | DG2: =IF(AND(ISNUMBER($BG2),ISNUMBER($BF2)),$BG2-$BF2,"NA") -> 0 | DH2: =IF(AND(ISNUMBER($BI2),ISNUMBER($BH2)),$BI2-$BH2,"NA") -> 1 | DI2: =IF(AND(ISNUMBER($BJ2),ISNUMBER($BI2)),$BJ2-$BI2,"NA") -> 0 | DJ2: =IF(AND(ISNUMBER($BL2),ISNUMBER($BK2)),$BL2-$BK2,"NA") -> 1 | DK2: =IF(AND(ISNUMBER($BM2),ISNUMBER($BL2)),$BM2-$BL2,"NA") -> 0 | DL2: =IF(AND(ISNUMBER($BO2),ISNUMBER($BN2)),$BO2-$BN2,"NA") -> 1 | DM2: =IF(AND(ISNUMBER($BP2),ISNUMBER($BO2)),$BP2-$BO2,"NA") -> 0 | DN2: =IF(AND(ISNUMBER($BR2),ISNUMBER($BQ2)),$BR2-$BQ2,"NA") -> 1 | DO2: =IF(AND(ISNUMBER($BS2),ISNUMBER($BR2)),$BS2-$BR2,"NA") -> 0 | DP2: =IF(AND(ISNUMBER($BU2),ISNUMBER($BT2)),$BU2-$BT2,"NA") -> 1 | DQ2: =IF(AND(ISNUMBER($BV2),ISNUMBER($BU2)),$BV2-$BU2,"NA") -> 0 | DR2: =IF(AND(ISNUMBER($BX2),ISNUMBER($BW2)),$BX2-$BW2,"NA") -> 2 | DS2: =IF(AND(ISNUMBER($BY2),ISNUMBER($BX2)),$BY2-$BX2,"NA") -> -1 | DT2: =IF(AND(ISNUMBER($CA2),ISNUMBER($BZ2)),$CA2-$BZ2,"NA") -> 1 | DU2: =IF(AND(ISNUMBER($CB2),ISNUMBER($CA2)),$CB2-$CA2,"NA") -> 0 | DV2: =IF(AND(ISNUMBER($CD2),ISNUMBER($CC2)),$CD2-$CC2,"NA") -> 2 | DW2: =IF(AND(ISNUMBER($CE2),ISNUMBER($CD2)),$CE2-$CD2,"NA") -> -1 | DX2: =IF(AND(ISNUMBER($CG2),ISNUMBER($CF2)),$CG2-$CF2,"NA") -> 1 | DY2: =IF(AND(ISNUMBER($CH2),ISNUMBER($CG2)),$CH2-$CG2,"NA") -> -1 | DZ2: =IF(AND(ISNUMBER($CJ2),ISNUMBER($CI2)),$CJ2-$CI2,"NA") -> 1 | EA2: =IF(AND(ISNUMBER($CK2),ISNUMBER($CJ2)),$CK2-$CJ2,"NA") -> 0 | EB2: =IF(AND(ISNUMBER($CM2),ISNUMBER($CL2)),$CM2-$CL2,"NA") -> 1 | EC2: =IF(AND(ISNUMBER($CN2),ISNUMBER($CM2)),$CN2-$CM2,"NA") -> 0 | ED2: =IF(AND(ISNUMBER($CP2),ISNUMBER($CO2)),$CP2-$CO2,"NA") -> 1 | EE2: =IF(AND(ISNUMBER($CQ2),ISNUMBER($CP2)),$CQ2-$CP2,"NA") -> 0 | EF2: =IF(AND(ISNUMBER($CS2),ISNUMBER($CR2)),$CS2-$CR2,"NA") -> 1 | EG2: =IF(AND(ISNUMBER($CT2),ISNUMBER($CS2)),$CT2-$CS2,"NA") -> 0 | EH2: =IF(AND(ISNUMBER($CV2),ISNUMBER($CU2)),$CV2-$CU2,"NA") -> 1 | EI2: =IF(AND(ISNUMBER($CW2),ISNUMBER($CV2)),$CW2-$CV2,"NA") -> 0 | EJ2: =IF(ISNUMBER(Values!$AU7),--(Values!$AU7>=4),0) -> 0 | EK2: =IF(ISNUMBER(Values!$BY7),--(Values!$BY7>=4),0) -> 0 | EL2: =IF(ISNUMBER(Values!$AN7),--(Values!$AN7>=4),0) -> 1 | EM2: =IF(ISNUMBER(Values!$BR7),--(Values!$BR7>=4),0) -> 1 | EN2: =IF(ISNUMBER(Values!$BC7),--(Values!$BC7>=4),0) -> 1 | EO2: =IF(ISNUMBER(Values!$CG7),--(Values!$CG7>=4),0) -> 1 | EP2: =IF(ISNUMBER(Values!$BJ7),--(Values!$BJ7>=4),0) -> 0 | EQ2: =IF(ISNUMBER(Values!$CN7),--(Values!$CN7>=4),0) -> 0 | ER2: =IF(ISNUMBER(Values!$BG7),--(Values!$BG7>=4),0) -> 0 | ES2: =IF(ISNUMBER(Values!$CK7),--(Values!$CK7>=4),0) -> 0 | ET2: =Values!$ET7 -> 0 | EU2: =Values!$FA7 -> 0 | EV2: =Values!$FH7 -> 0 | EW2: =Values!$EU7 -> 0 | EX2: =Values!$FB7 -> 0 | EY2: =Values!$FI7 -> 0 | EZ2: =Values!$EV7 -> 1 | FA2: =Values!$FC7 -> 1 | FB2: =Values!$FJ7 -> 1 | FC2: =Values!$EW7 -> 1 | FD2: =Values!$FD7 -> 1 | FE2: =Values!$FK7 -> 1 | FF2: =Values!$EX7 -> 0 | FG2: =Values!$FE7 -> 1 | FH2: =Values!$FL7 -> 0 | FI2: =Values!$EY7 -> 0 | FJ2: =Values!$FF7 -> 0 | FK2: =Values!$FM7 -> 0 | FL2: =Values!$EZ7 -> 1 | FM2: =Values!$FG7 -> 1 | FN2: =Values!$FN7 -> 1 | FO2: =IF(OR($GH2=1,$GI2=1),"NA",--AND($EX2=1,$EW2=0)) -> 0 | FP2: =IF(OR($GH2=1,$GI2=1),"NA",--AND($FA2=1,$EZ2=0)) -> 0 | FQ2: =IF(OR($GH2=1,$GI2=1),"NA",--AND($FD2=1,$FC2=0)) -> 0 | FR2: =IF(OR($GH2=1,$GI2=1),"NA",--AND($FG2=1,$FF2=0)) -> 1 | FS2: =IF(OR($GH2=1,$GI2=1),"NA",--AND($FJ2=1,$FI2=0)) -> 0 | FT2: =IF(OR($GH2=1,$GI2=1),"NA",--AND($FM2=1,$FL2=0)) -> 0 | FU2: =Values!$FP7 -> 0 | FV2: =Values!$FQ7 -> 0 | FW2: =Values!$FR7 -> 0 | FX2: =Values!$FS7 -> 1 | FY2: =Values!$FT7 -> 1 | FZ2: =Values!$FU7 -> 0 | GA2: =--AND($FU2=1,$EX2=0) -> 0 | GB2: =--AND($FV2=1,$FA2=0) -> 0 | GC2: =--AND($FW2=1,$FD2=0) -> 0 | GD2: =--AND($FX2=1,$FG2=0) -> 0 | GE2: =--AND($FY2=1,$FJ2=0) -> 1 | GF2: =--AND($FZ2=1,$FM2=0) -> 0 | GG2: {=IF(_xlfn.TEXTJOIN(";",TRUE,IF((Values!$B$2:$FU$2="item")*(Values!$B7:$FU7=""),Values!$B$5:$FU$5,""))="",0,_xlfn.TEXTJOIN(";",TRUE,IF((Values!$B$2:$FU$2="item")*(Values!$B7:$FU7=""),Values!$B$5:$FU$5,"")))} -> 0 | GH2: =--AND($ET2=1,SUM($EW2,$EZ2,$FC2,$FF2,$FI2,$FL2)>0) -> 0 | GI2: =--AND($EU2=1,SUM($EX2,$FA2,$FD2,$FG2,$FJ2,$FM2)>0) -> 0 | GJ2: =--AND($EV2=1,SUM($EY2,$FB2,$FE2,$FH2,$FK2,$FN2)>0) -> 0 | GK2: =--AND($EU2=1,$GI2=0) -> 0 | GL2: =Pattern!$W2 -> 0 | GM2: =Pattern!$AS2 -> 0 | GN2: =Pattern!$BO2 -> 0 | GO2: =Pattern!$BQ2 -> 0 | GP2: =Pattern!$S2 -> 1 | GQ2: =Pattern!$AO2 -> 2 | GR2: =Pattern!$BK2 -> 4 | GS2: =Pattern!$V2 -> 0.35294118 | GT2: =Pattern!$AR2 -> 0.26666667 | GU2: =Pattern!$BN2 -> 0.33333333 | GV2: =Pattern!$T2 -> 1 | GW2: =Pattern!$AP2 -> 1 | GX2: =Pattern!$BL2 -> 1 | GY2: =Pattern!$BP2 -> 15 | GZ2: =Values!$X7 -> 5 | HA2: =Values!$AC7 -> 5 | HB2: =Values!$K7 -> 1 | HC2: =Values!$G7 -> 4 | HD2: =Values!$AA7 -> 2 | HE2: =Values!$S7 -> 4 | HF2: =Values!$Y7 -> 5 | HG2: =Values!$AE7 -> 5 | HH2: =Values!$N7 -> 2 | HI2: =Values!$I7 -> 2 | HJ2: =Values!$M7 -> 2 | HK2: =Values!$AB7 -> 2 | HL2: =Values!$Q7 -> 2 | HM2: =Values!$T7 -> 1 | HN2: =Values!$W7 -> 4 | HO2: =Values!$H7 -> 1 | HP2: =Values!$L7 -> 1 | HQ2: =Values!$O7 -> 1 | HR2: =Values!$R7 -> 5 | HS2: =Values!$U7 -> 1 | HT2: =Values!$Z7 -> 4 | HU2: =Values!$AF7 -> 2 | HV2: =Values!$AD7 -> 4 | HW2: =Values!$J7 -> 3 | HX2: =Values!$P7 -> 3 | HY2: =Values!$V7 -> 3 | HZ2: =Values!$AG7 -> 4 | IA2: =Values!$BK7 -> 4 | IB2: =Values!$AO7 -> 4 | IC2: =Values!$BS7 -> 4 | ID2: =Values!$BB7 -> 1 | IE2: =Values!$CF7 -> 1 | IF2: =Values!$AH7 -> 5 | IG2: =Values!$BL7 -> 4 | IH2: =Values!$AS7 -> 1 | II2: =Values!$BW7 -> 2 | IJ2: =Values!$BA7 -> 4 | IK2: =Values!$CE7 -> 3 | IL2: =Values!$AM7 -> 4 | IM2: =Values!$BQ7 -> 5 | IN2: =Values!$AV7 -> 5 | IO2: =Values!$BZ7 -> 4 | IP2: =Values!$BF7 -> 2 | IQ2: =Values!$CJ7 -> 2 | IR2: =Values!$AJ7 -> 1 | IS2: =Values!$BN7 -> 3 | IT2: =Values!$AQ7 -> 2 | IU2: =Values!$BU7 -> 2 | IV2: =Values!$AX7 -> 2 | IW2: =Values!$CB7 -> 3 | IX2: =Values!$BE7 -> 2 | IY2: =Values!$CI7 -> 2 | IZ2: =Values!$BI7 -> 5 | JA2: =Values!$CM7 -> 4 | JB2: =Values!$AI7 -> 2 | JC2: =Values!$BM7 -> 2 | JD2: =Values!$AP7 -> 3 | JE2: =Values!$BT7 -> 2 | JF2: =Values!$AW7 -> 2 | JG2: =Values!$CA7 -> 3 | JH2: =Values!$BD7 -> 5 | JI2: =Values!$CH7 -> 3 | JJ2: =Values!$BH7 -> 2 | JK2: =Values!$CL7 -> 2 | JL2: =Values!$AK7 -> 5 | JM2: =Values!$BO7 -> 4 | JN2: =Values!$AR7 -> 1 | JO2: =Values!$BV7 -> 2 | JP2: =Values!$AY7 -> 4 | JQ2: =Values!$CC7 -> 4 | JR2: =Values!$AL7 -> 3 | JS2: =Values!$BP7 -> 3 | JT2: =Values!$AT7 -> 3 | JU2: =Values!$BX7 -> 2 | JV2: =Values!$AZ7 -> 3 | JW2: =Values!$CD7 -> 3 | JX2: =Values!$AU7 -> 1 | JY2: =Values!$BY7 -> 1 | JZ2: =Values!$AN7 -> 5 | KA2: =Values!$BR7 -> 4 | KB2: =Values!$BC7 -> 5 | KC2: =Values!$CG7 -> 5 | KD2: =Values!$BJ7 -> 1 | KE2: =Values!$CN7 -> 1 | KF2: =Values!$BG7 -> 2 | KG2: =Values!$CK7 -> 2
A3: =schema_version -> 1 | B3: =Values!$A$8 -> Tom Lindqvist | C3: =TEXT(Responses!$C$3,"yyyy-mm-dd") -> 2026-09-14 | D3: =roster_n -> 9 | E3: =Values!$B8 -> 2 | F3: =Values!$C8 -> 2 | G3: =Values!$D8 -> 1 | H3: =Values!$E8 -> 1 | I3: =Values!$F8 -> 1 | J3: =IF(COUNT(Values!$X8,Values!$AC8,Values!$K8)<3,NA(),AVERAGE(Values!$X8,Values!$AC8,6-Values!$K8)) -> 2.3333333 | K3: =IF(COUNT(Values!$AG8,Values!$AO8,Values!$BB8)<3,NA(),AVERAGE(Values!$AG8,Values!$AO8,6-Values!$BB8)) -> 2 | L3: =IF(COUNT(Values!$BK8,Values!$BS8,Values!$CF8)<3,NA(),AVERAGE(Values!$BK8,Values!$BS8,6-Values!$CF8)) -> 2.6666667 | M3: =IF(COUNT(Values!$G8,Values!$AA8,Values!$S8)<3,NA(),AVERAGE(Values!$G8,6-Values!$AA8,Values!$S8)) -> 1.3333333 | N3: =IF(COUNT(Values!$AH8,Values!$AS8,Values!$BA8)<3,NA(),AVERAGE(Values!$AH8,6-Values!$AS8,Values!$BA8)) -> 1.3333333 | O3: =IF(COUNT(Values!$BL8,Values!$BW8,Values!$CE8)<3,NA(),AVERAGE(Values!$BL8,6-Values!$BW8,Values!$CE8)) -> 2 | P3: =IF(COUNT(Values!$Y8,Values!$AE8,Values!$N8)<3,NA(),AVERAGE(Values!$Y8,Values!$AE8,6-Values!$N8)) -> 2.3333333 | Q3: =IF(COUNT(Values!$AM8,Values!$AV8,Values!$BF8)<3,NA(),AVERAGE(Values!$AM8,Values!$AV8,6-Values!$BF8)) -> 3.3333333 | R3: =IF(COUNT(Values!$BQ8,Values!$BZ8,Values!$CJ8)<3,NA(),AVERAGE(Values!$BQ8,Values!$BZ8,6-Values!$CJ8)) -> 3.3333333 | S3: =IF(COUNT(Values!$I8,Values!$M8,Values!$AB8,Values!$Q8,Values!$T8,Values!$W8)<6,NA(),AVERAGE(Values!$I8,AVERAGE(Values!$M8,Values!$AB8),Values!$Q8,Values!$T8,6-Values!$W8)) -> 4.2 | T3: =IF(COUNT(Values!$AJ8,Values!$AQ8,Values!$AX8,Values!$BE8,Values!$BI8)<5,NA(),AVERAGE(Values!$AJ8,Values!$AQ8,Values!$AX8,Values!$BE8,6-Values!$BI8)) -> 4.6 | U3: =IF(COUNT(Values!$BN8,Values!$BU8,Values!$CB8,Values!$CI8,Values!$CM8)<5,NA(),AVERAGE(Values!$BN8,Values!$BU8,Values!$CB8,Values!$CI8,6-Values!$CM8)) -> 4.6 | V3: =IF(COUNT(Values!$H8,Values!$L8,Values!$O8,Values!$R8,Values!$U8)<5,NA(),AVERAGE(Values!$H8,Values!$L8,Values!$O8,6-Values!$R8,Values!$U8)) -> 4.4 | W3: =IF(COUNT(Values!$AI8,Values!$AP8,Values!$AW8,Values!$BD8,Values!$BH8)<5,NA(),AVERAGE(Values!$AI8,Values!$AP8,Values!$AW8,6-Values!$BD8,Values!$BH8)) -> 4.6 | X3: =IF(COUNT(Values!$BM8,Values!$BT8,Values!$CA8,Values!$CH8,Values!$CL8)<5,NA(),AVERAGE(Values!$BM8,Values!$BT8,Values!$CA8,6-Values!$CH8,Values!$CL8)) -> 4.2 | Y3: =IF(COUNT(Values!$Z8,Values!$AF8,Values!$AD8)<3,NA(),AVERAGE(Values!$Z8,6-Values!$AF8,Values!$AD8)) -> 1.3333333 | Z3: =IF(COUNT(Values!$AK8,Values!$AR8,Values!$AY8)<3,NA(),AVERAGE(Values!$AK8,6-Values!$AR8,Values!$AY8)) -> 1.6666667 | AA3: =IF(COUNT(Values!$BO8,Values!$BV8,Values!$CC8)<3,NA(),AVERAGE(Values!$BO8,6-Values!$BV8,Values!$CC8)) -> 2.3333333 | AB3: =IF(COUNT(Values!$J8,Values!$P8,Values!$V8)<3,NA(),AVERAGE(Values!$J8,6-Values!$P8,Values!$V8)) -> 5 | AC3: =IF(COUNT(Values!$AL8,Values!$AT8,Values!$AZ8)<3,NA(),AVERAGE(Values!$AL8,6-Values!$AT8,Values!$AZ8)) -> 4.6666667 | AD3: =IF(COUNT(Values!$BP8,Values!$BX8,Values!$CD8)<3,NA(),AVERAGE(Values!$BP8,6-Values!$BX8,Values!$CD8)) -> 4.6666667 | AE3: =IF(OR(ISNA($K3),ISNA($J3)),NA(),$K3-$J3) -> -0.33333333 | AF3: =IF(OR(ISNA($L3),ISNA($K3)),NA(),$L3-$K3) -> 0.66666667 | AG3: =IF(OR(ISNA($N3),ISNA($M3)),NA(),$N3-$M3) -> 0 | AH3: =IF(OR(ISNA($O3),ISNA($N3)),NA(),$O3-$N3) -> 0.66666667 | AI3: =IF(OR(ISNA($Q3),ISNA($P3)),NA(),$Q3-$P3) -> 1 | AJ3: =IF(OR(ISNA($R3),ISNA($Q3)),NA(),$R3-$Q3) -> 0 | AK3: =IF(OR(ISNA($T3),ISNA($S3)),NA(),$T3-$S3) -> 0.4 | AL3: =IF(OR(ISNA($U3),ISNA($T3)),NA(),$U3-$T3) -> 0 | AM3: =IF(OR(ISNA($W3),ISNA($V3)),NA(),$W3-$V3) -> 0.2 | AN3: =IF(OR(ISNA($X3),ISNA($W3)),NA(),$X3-$W3) -> -0.4 | AO3: =IF(OR(ISNA($Z3),ISNA($Y3)),NA(),$Z3-$Y3) -> 0.33333333 | AP3: =IF(OR(ISNA($AA3),ISNA($Z3)),NA(),$AA3-$Z3) -> 0.66666667 | AQ3: =IF(OR(ISNA($AC3),ISNA($AB3)),NA(),$AC3-$AB3) -> -0.33333333 | AR3: =IF(OR(ISNA($AD3),ISNA($AC3)),NA(),$AD3-$AC3) -> 0 | AS3: =Values!$CO8 -> 2 | AT3: =Values!$DH8 -> 2 | AU3: =Values!$EA8 -> 2 | AV3: =Values!$CP8 -> 1 | AW3: =Values!$DI8 -> 1 | AX3: =Values!$EB8 -> 1 | AY3: =Values!$CQ8 -> 2 | AZ3: =Values!$DJ8 -> 2 | BA3: =Values!$EC8 -> 2 | BB3: =Values!$CR8 -> 2 | BC3: =Values!$DK8 -> 2 | BD3: =Values!$ED8 -> 2 | BE3: =Values!$CS8 -> 2 | BF3: =Values!$DL8 -> 2 | BG3: =Values!$EE8 -> 2 | BH3: =Values!$CT8 -> 2 | BI3: =Values!$DM8 -> 2 | BJ3: =Values!$EF8 -> 3 | BK3: =Values!$CU8 -> 3 | BL3: =Values!$DN8 -> 3 | BM3: =Values!$EG8 -> 3 | BN3: =Values!$CV8 -> 1 | BO3: =Values!$DO8 -> 1 | BP3: =Values!$EH8 -> 1 | BQ3: =Values!$CW8 -> 1 | BR3: =Values!$DP8 -> 1 | BS3: =Values!$EI8 -> 1 | BT3: =Values!$CX8 -> NA | BU3: =Values!$DQ8 -> NA | BV3: =Values!$EJ8 -> NA | BW3: =Values!$CY8 -> NA | BX3: =Values!$DR8 -> NA | BY3: =Values!$EK8 -> NA | BZ3: =Values!$CZ8 -> 2 | CA3: =Values!$DS8 -> 2 | CB3: =Values!$EL8 -> 2 | CC3: =Values!$DA8 -> 1 | CD3: =Values!$DT8 -> 2 | CE3: =Values!$EM8 -> 1 | CF3: =Values!$DB8 -> 2 | CG3: =Values!$DU8 -> 2 | CH3: =Values!$EN8 -> 3 | CI3: =Values!$DC8 -> 3 | CJ3: =Values!$DV8 -> 4 | CK3: =Values!$EO8 -> 3 | CL3: =Values!$DD8 -> 2 | CM3: =Values!$DW8 -> 2 | CN3: =Values!$EP8 -> 3 | CO3: =Values!$DE8 -> 2 | CP3: =Values!$DX8 -> 3 | CQ3: =Values!$EQ8 -> 2 | CR3: =Values!$DF8 -> 3 | CS3: =Values!$DY8 -> 3 | CT3: =Values!$ER8 -> 3 | CU3: =Values!$DG8 -> 2 | CV3: =Values!$DZ8 -> 2 | CW3: =Values!$ES8 -> 3 | CX3: =IF(AND(ISNUMBER($AT3),ISNUMBER($AS3)),$AT3-$AS3,"NA") -> 0 | CY3: =IF(AND(ISNUMBER($AU3),ISNUMBER($AT3)),$AU3-$AT3,"NA") -> 0 | CZ3: =IF(AND(ISNUMBER($AW3),ISNUMBER($AV3)),$AW3-$AV3,"NA") -> 0 | DA3: =IF(AND(ISNUMBER($AX3),ISNUMBER($AW3)),$AX3-$AW3,"NA") -> 0 | DB3: =IF(AND(ISNUMBER($AZ3),ISNUMBER($AY3)),$AZ3-$AY3,"NA") -> 0 | DC3: =IF(AND(ISNUMBER($BA3),ISNUMBER($AZ3)),$BA3-$AZ3,"NA") -> 0 | DD3: =IF(AND(ISNUMBER($BC3),ISNUMBER($BB3)),$BC3-$BB3,"NA") -> 0 | DE3: =IF(AND(ISNUMBER($BD3),ISNUMBER($BC3)),$BD3-$BC3,"NA") -> 0 | DF3: =IF(AND(ISNUMBER($BF3),ISNUMBER($BE3)),$BF3-$BE3,"NA") -> 0 | DG3: =IF(AND(ISNUMBER($BG3),ISNUMBER($BF3)),$BG3-$BF3,"NA") -> 0 | DH3: =IF(AND(ISNUMBER($BI3),ISNUMBER($BH3)),$BI3-$BH3,"NA") -> 0 | DI3: =IF(AND(ISNUMBER($BJ3),ISNUMBER($BI3)),$BJ3-$BI3,"NA") -> 1 | DJ3: =IF(AND(ISNUMBER($BL3),ISNUMBER($BK3)),$BL3-$BK3,"NA") -> 0 | DK3: =IF(AND(ISNUMBER($BM3),ISNUMBER($BL3)),$BM3-$BL3,"NA") -> 0 | DL3: =IF(AND(ISNUMBER($BO3),ISNUMBER($BN3)),$BO3-$BN3,"NA") -> 0 | DM3: =IF(AND(ISNUMBER($BP3),ISNUMBER($BO3)),$BP3-$BO3,"NA") -> 0 | DN3: =IF(AND(ISNUMBER($BR3),ISNUMBER($BQ3)),$BR3-$BQ3,"NA") -> 0 | DO3: =IF(AND(ISNUMBER($BS3),ISNUMBER($BR3)),$BS3-$BR3,"NA") -> 0 | DP3: =IF(AND(ISNUMBER($BU3),ISNUMBER($BT3)),$BU3-$BT3,"NA") -> NA | DQ3: =IF(AND(ISNUMBER($BV3),ISNUMBER($BU3)),$BV3-$BU3,"NA") -> NA | DR3: =IF(AND(ISNUMBER($BX3),ISNUMBER($BW3)),$BX3-$BW3,"NA") -> NA | DS3: =IF(AND(ISNUMBER($BY3),ISNUMBER($BX3)),$BY3-$BX3,"NA") -> NA | DT3: =IF(AND(ISNUMBER($CA3),ISNUMBER($BZ3)),$CA3-$BZ3,"NA") -> 0 | DU3: =IF(AND(ISNUMBER($CB3),ISNUMBER($CA3)),$CB3-$CA3,"NA") -> 0 | DV3: =IF(AND(ISNUMBER($CD3),ISNUMBER($CC3)),$CD3-$CC3,"NA") -> 1 | DW3: =IF(AND(ISNUMBER($CE3),ISNUMBER($CD3)),$CE3-$CD3,"NA") -> -1 | DX3: =IF(AND(ISNUMBER($CG3),ISNUMBER($CF3)),$CG3-$CF3,"NA") -> 0 | DY3: =IF(AND(ISNUMBER($CH3),ISNUMBER($CG3)),$CH3-$CG3,"NA") -> 1 | DZ3: =IF(AND(ISNUMBER($CJ3),ISNUMBER($CI3)),$CJ3-$CI3,"NA") -> 1 | EA3: =IF(AND(ISNUMBER($CK3),ISNUMBER($CJ3)),$CK3-$CJ3,"NA") -> -1 | EB3: =IF(AND(ISNUMBER($CM3),ISNUMBER($CL3)),$CM3-$CL3,"NA") -> 0 | EC3: =IF(AND(ISNUMBER($CN3),ISNUMBER($CM3)),$CN3-$CM3,"NA") -> 1 | ED3: =IF(AND(ISNUMBER($CP3),ISNUMBER($CO3)),$CP3-$CO3,"NA") -> 1 | EE3: =IF(AND(ISNUMBER($CQ3),ISNUMBER($CP3)),$CQ3-$CP3,"NA") -> -1 | EF3: =IF(AND(ISNUMBER($CS3),ISNUMBER($CR3)),$CS3-$CR3,"NA") -> 0 | EG3: =IF(AND(ISNUMBER($CT3),ISNUMBER($CS3)),$CT3-$CS3,"NA") -> 0 | EH3: =IF(AND(ISNUMBER($CV3),ISNUMBER($CU3)),$CV3-$CU3,"NA") -> 0 | EI3: =IF(AND(ISNUMBER($CW3),ISNUMBER($CV3)),$CW3-$CV3,"NA") -> 1 | EJ3: =IF(ISNUMBER(Values!$AU8),--(Values!$AU8>=4),0) -> 1 | EK3: =IF(ISNUMBER(Values!$BY8),--(Values!$BY8>=4),0) -> 0 | EL3: =IF(ISNUMBER(Values!$AN8),--(Values!$AN8>=4),0) -> 0 | EM3: =IF(ISNUMBER(Values!$BR8),--(Values!$BR8>=4),0) -> 0 | EN3: =IF(ISNUMBER(Values!$BC8),--(Values!$BC8>=4),0) -> 0 | EO3: =IF(ISNUMBER(Values!$CG8),--(Values!$CG8>=4),0) -> 0 | EP3: =IF(ISNUMBER(Values!$BJ8),--(Values!$BJ8>=4),0) -> 1 | EQ3: =IF(ISNUMBER(Values!$CN8),--(Values!$CN8>=4),0) -> 1 | ER3: =IF(ISNUMBER(Values!$BG8),--(Values!$BG8>=4),0) -> 1 | ES3: =IF(ISNUMBER(Values!$CK8),--(Values!$CK8>=4),0) -> 1 | ET3: =Values!$ET8 -> 1 | EU3: =Values!$FA8 -> 1 | EV3: =Values!$FH8 -> 1 | EW3: =Values!$EU8 -> 0 | EX3: =Values!$FB8 -> 0 | EY3: =Values!$FI8 -> 0 | EZ3: =Values!$EV8 -> 0 | FA3: =Values!$FC8 -> 0 | FB3: =Values!$FJ8 -> 0 | FC3: =Values!$EW8 -> 0 | FD3: =Values!$FD8 -> 0 | FE3: =Values!$FK8 -> 0 | FF3: =Values!$EX8 -> 0 | FG3: =Values!$FE8 -> 0 | FH3: =Values!$FL8 -> 0 | FI3: =Values!$EY8 -> 0 | FJ3: =Values!$FF8 -> 0 | FK3: =Values!$FM8 -> 0 | FL3: =Values!$EZ8 -> 0 | FM3: =Values!$FG8 -> 0 | FN3: =Values!$FN8 -> 0 | FO3: =IF(OR($GH3=1,$GI3=1),"NA",--AND($EX3=1,$EW3=0)) -> 0 | FP3: =IF(OR($GH3=1,$GI3=1),"NA",--AND($FA3=1,$EZ3=0)) -> 0 | FQ3: =IF(OR($GH3=1,$GI3=1),"NA",--AND($FD3=1,$FC3=0)) -> 0 | FR3: =IF(OR($GH3=1,$GI3=1),"NA",--AND($FG3=1,$FF3=0)) -> 0 | FS3: =IF(OR($GH3=1,$GI3=1),"NA",--AND($FJ3=1,$FI3=0)) -> 0 | FT3: =IF(OR($GH3=1,$GI3=1),"NA",--AND($FM3=1,$FL3=0)) -> 0 | FU3: =Values!$FP8 -> 0 | FV3: =Values!$FQ8 -> 0 | FW3: =Values!$FR8 -> 0 | FX3: =Values!$FS8 -> 1 | FY3: =Values!$FT8 -> 0 | FZ3: =Values!$FU8 -> 0 | GA3: =--AND($FU3=1,$EX3=0) -> 0 | GB3: =--AND($FV3=1,$FA3=0) -> 0 | GC3: =--AND($FW3=1,$FD3=0) -> 0 | GD3: =--AND($FX3=1,$FG3=0) -> 1 | GE3: =--AND($FY3=1,$FJ3=0) -> 0 | GF3: =--AND($FZ3=1,$FM3=0) -> 0 | GG3: {=IF(_xlfn.TEXTJOIN(";",TRUE,IF((Values!$B$2:$FU$2="item")*(Values!$B8:$FU8=""),Values!$B$5:$FU$5,""))="",0,_xlfn.TEXTJOIN(";",TRUE,IF((Values!$B$2:$FU$2="item")*(Values!$B8:$FU8=""),Values!$B$5:$FU$5,"")))} -> 0 | GH3: =--AND($ET3=1,SUM($EW3,$EZ3,$FC3,$FF3,$FI3,$FL3)>0) -> 0 | GI3: =--AND($EU3=1,SUM($EX3,$FA3,$FD3,$FG3,$FJ3,$FM3)>0) -> 0 | GJ3: =--AND($EV3=1,SUM($EY3,$FB3,$FE3,$FH3,$FK3,$FN3)>0) -> 0 | GK3: =--AND($EU3=1,$GI3=0) -> 1 | GL3: =Pattern!$W3 -> 0 | GM3: =Pattern!$AS3 -> 0 | GN3: =Pattern!$BO3 -> 0 | GO3: =Pattern!$BQ3 -> 0 | GP3: =Pattern!$S3 -> 5 | GQ3: =Pattern!$AO3 -> 5 | GR3: =Pattern!$BK3 -> 4 | GS3: =Pattern!$V3 -> 0.35294118 | GT3: =Pattern!$AR3 -> 0.3 | GU3: =Pattern!$BN3 -> 0.33333333 | GV3: =Pattern!$T3 -> 0 | GW3: =Pattern!$AP3 -> 1 | GX3: =Pattern!$BL3 -> 2 | GY3: =Pattern!$BP3 -> 14 | GZ3: =Values!$X8 -> 2 | HA3: =Values!$AC8 -> 2 | HB3: =Values!$K8 -> 3 | HC3: =Values!$G8 -> 1 | HD3: =Values!$AA8 -> 5 | HE3: =Values!$S8 -> 2 | HF3: =Values!$Y8 -> 2 | HG3: =Values!$AE8 -> 3 | HH3: =Values!$N8 -> 4 | HI3: =Values!$I8 -> 5 | HJ3: =Values!$M8 -> 4 | HK3: =Values!$AB8 -> 4 | HL3: =Values!$Q8 -> 4 | HM3: =Values!$T8 -> 4 | HN3: =Values!$W8 -> 2 | HO3: =Values!$H8 -> 4 | HP3: =Values!$L8 -> 5 | HQ3: =Values!$O8 -> 4 | HR3: =Values!$R8 -> 2 | HS3: =Values!$U8 -> 5 | HT3: =Values!$Z8 -> 2 | HU3: =Values!$AF8 -> 5 | HV3: =Values!$AD8 -> 1 | HW3: =Values!$J8 -> 5 | HX3: =Values!$P8 -> 1 | HY3: =Values!$V8 -> 5 | HZ3: =Values!$AG8 -> 2 | IA3: =Values!$BK8 -> 2 | IB3: =Values!$AO8 -> 2 | IC3: =Values!$BS8 -> 3 | ID3: =Values!$BB8 -> 4 | IE3: =Values!$CF8 -> 3 | IF3: =Values!$AH8 -> 2 | IG3: =Values!$BL8 -> 2 | IH3: =Values!$AS8 -> 5 | II3: =Values!$BW8 -> 4 | IJ3: =Values!$BA8 -> 1 | IK3: =Values!$CE8 -> 2 | IL3: =Values!$AM8 -> 3 | IM3: =Values!$BQ8 -> 3 | IN3: =Values!$AV8 -> 3 | IO3: =Values!$BZ8 -> 3 | IP3: =Values!$BF8 -> 2 | IQ3: =Values!$CJ8 -> 2 | IR3: =Values!$AJ8 -> 4 | IS3: =Values!$BN8 -> 5 | IT3: =Values!$AQ8 -> 5 | IU3: =Values!$BU8 -> 4 | IV3: =Values!$AX8 -> 5 | IW3: =Values!$CB8 -> 4 | IX3: =Values!$BE8 -> 5 | IY3: =Values!$CI8 -> 5 | IZ3: =Values!$BI8 -> 2 | JA3: =Values!$CM8 -> 1 | JB3: =Values!$AI8 -> 5 | JC3: =Values!$BM8 -> 4 | JD3: =Values!$AP8 -> 5 | JE3: =Values!$BT8 -> 4 | JF3: =Values!$AW8 -> 4 | JG3: =Values!$CA8 -> 4 | JH3: =Values!$BD8 -> 2 | JI3: =Values!$CH8 -> 1 | JJ3: =Values!$BH8 -> 5 | JK3: =Values!$CL8 -> 4 | JL3: =Values!$AK8 -> 1 | JM3: =Values!$BO8 -> 3 | JN3: =Values!$AR8 -> 4 | JO3: =Values!$BV8 -> 4 | JP3: =Values!$AY8 -> 2 | JQ3: =Values!$CC8 -> 2 | JR3: =Values!$AL8 -> 5 | JS3: =Values!$BP8 -> 4 | JT3: =Values!$AT8 -> 1 | JU3: =Values!$BX8 -> 1 | JV3: =Values!$AZ8 -> 4 | JW3: =Values!$CD8 -> 5 | JX3: =Values!$AU8 -> 4 | JY3: =Values!$BY8 -> 2 | JZ3: =Values!$AN8 -> 1 | KA3: =Values!$BR8 -> 1 | KB3: =Values!$BC8 -> 1 | KC3: =Values!$CG8 -> 1 | KD3: =Values!$BJ8 -> 4 | KE3: =Values!$CN8 -> 4 | KF3: =Values!$BG8 -> 5 | KG3: =Values!$CK8 -> 5
A4: =schema_version -> 1 | B4: =Values!$A$9 -> Priya Raman | C4: =TEXT(Responses!$C$4,"yyyy-mm-dd") -> 2026-09-15 | D4: =roster_n -> 9 | E4: =Values!$B9 -> 4 | F4: =Values!$C9 -> 1 | G4: =Values!$D9 -> 3 | H4: =Values!$E9 -> 4 | I4: =Values!$F9 -> 2 | J4: =IF(COUNT(Values!$X9,Values!$AC9,Values!$K9)<3,NA(),AVERAGE(Values!$X9,Values!$AC9,6-Values!$K9)) -> 4 | K4: =IF(COUNT(Values!$AG9,Values!$AO9,Values!$BB9)<3,NA(),AVERAGE(Values!$AG9,Values!$AO9,6-Values!$BB9)) -> 4.6666667 | L4: =IF(COUNT(Values!$BK9,Values!$BS9,Values!$CF9)<3,NA(),AVERAGE(Values!$BK9,Values!$BS9,6-Values!$CF9)) -> 4 | M4: =IF(COUNT(Values!$G9,Values!$AA9,Values!$S9)<3,NA(),AVERAGE(Values!$G9,6-Values!$AA9,Values!$S9)) -> 3.3333333 | N4: =IF(COUNT(Values!$AH9,Values!$AS9,Values!$BA9)<3,NA(),AVERAGE(Values!$AH9,6-Values!$AS9,Values!$BA9)) -> 4.3333333 | O4: =IF(COUNT(Values!$BL9,Values!$BW9,Values!$CE9)<3,NA(),AVERAGE(Values!$BL9,6-Values!$BW9,Values!$CE9)) -> 3.3333333 | P4: =IF(COUNT(Values!$Y9,Values!$AE9,Values!$N9)<3,NA(),AVERAGE(Values!$Y9,Values!$AE9,6-Values!$N9)) -> 4.6666667 | Q4: =IF(COUNT(Values!$AM9,Values!$AV9,Values!$BF9)<3,NA(),AVERAGE(Values!$AM9,Values!$AV9,6-Values!$BF9)) -> 4.6666667 | R4: =IF(COUNT(Values!$BQ9,Values!$BZ9,Values!$CJ9)<3,NA(),AVERAGE(Values!$BQ9,Values!$BZ9,6-Values!$CJ9)) -> 4 | S4: =IF(COUNT(Values!$I9,Values!$M9,Values!$AB9,Values!$Q9,Values!$T9,Values!$W9)<6,NA(),AVERAGE(Values!$I9,AVERAGE(Values!$M9,Values!$AB9),Values!$Q9,Values!$T9,6-Values!$W9)) -> 2.5 | T4: =IF(COUNT(Values!$AJ9,Values!$AQ9,Values!$AX9,Values!$BE9,Values!$BI9)<5,NA(),AVERAGE(Values!$AJ9,Values!$AQ9,Values!$AX9,Values!$BE9,6-Values!$BI9)) -> 2.2 | U4: =IF(COUNT(Values!$BN9,Values!$BU9,Values!$CB9,Values!$CI9,Values!$CM9)<5,NA(),AVERAGE(Values!$BN9,Values!$BU9,Values!$CB9,Values!$CI9,6-Values!$CM9)) -> 3.2 | V4: =IF(COUNT(Values!$H9,Values!$L9,Values!$O9,Values!$R9,Values!$U9)<5,NA(),AVERAGE(Values!$H9,Values!$L9,Values!$O9,6-Values!$R9,Values!$U9)) -> 2.4 | W4: =IF(COUNT(Values!$AI9,Values!$AP9,Values!$AW9,Values!$BD9,Values!$BH9)<5,NA(),AVERAGE(Values!$AI9,Values!$AP9,Values!$AW9,6-Values!$BD9,Values!$BH9)) -> 2.4 | X4: =IF(COUNT(Values!$BM9,Values!$BT9,Values!$CA9,Values!$CH9,Values!$CL9)<5,NA(),AVERAGE(Values!$BM9,Values!$BT9,Values!$CA9,6-Values!$CH9,Values!$CL9)) -> 2.8 | Y4: =IF(COUNT(Values!$Z9,Values!$AF9,Values!$AD9)<3,NA(),AVERAGE(Values!$Z9,6-Values!$AF9,Values!$AD9)) -> 3.3333333 | Z4: =IF(COUNT(Values!$AK9,Values!$AR9,Values!$AY9)<3,NA(),AVERAGE(Values!$AK9,6-Values!$AR9,Values!$AY9)) -> 5 | AA4: =IF(COUNT(Values!$BO9,Values!$BV9,Values!$CC9)<3,NA(),AVERAGE(Values!$BO9,6-Values!$BV9,Values!$CC9)) -> 3 | AB4: =IF(COUNT(Values!$J9,Values!$P9,Values!$V9)<3,NA(),AVERAGE(Values!$J9,6-Values!$P9,Values!$V9)) -> 3.6666667 | AC4: =IF(COUNT(Values!$AL9,Values!$AT9,Values!$AZ9)<3,NA(),AVERAGE(Values!$AL9,6-Values!$AT9,Values!$AZ9)) -> 3 | AD4: =IF(COUNT(Values!$BP9,Values!$BX9,Values!$CD9)<3,NA(),AVERAGE(Values!$BP9,6-Values!$BX9,Values!$CD9)) -> 3.6666667 | AE4: =IF(OR(ISNA($K4),ISNA($J4)),NA(),$K4-$J4) -> 0.66666667 | AF4: =IF(OR(ISNA($L4),ISNA($K4)),NA(),$L4-$K4) -> -0.66666667 | AG4: =IF(OR(ISNA($N4),ISNA($M4)),NA(),$N4-$M4) -> 1 | AH4: =IF(OR(ISNA($O4),ISNA($N4)),NA(),$O4-$N4) -> -1 | AI4: =IF(OR(ISNA($Q4),ISNA($P4)),NA(),$Q4-$P4) -> 0 | AJ4: =IF(OR(ISNA($R4),ISNA($Q4)),NA(),$R4-$Q4) -> -0.66666667 | AK4: =IF(OR(ISNA($T4),ISNA($S4)),NA(),$T4-$S4) -> -0.3 | AL4: =IF(OR(ISNA($U4),ISNA($T4)),NA(),$U4-$T4) -> 1 | AM4: =IF(OR(ISNA($W4),ISNA($V4)),NA(),$W4-$V4) -> 0 | AN4: =IF(OR(ISNA($X4),ISNA($W4)),NA(),$X4-$W4) -> 0.4 | AO4: =IF(OR(ISNA($Z4),ISNA($Y4)),NA(),$Z4-$Y4) -> 1.6666667 | AP4: =IF(OR(ISNA($AA4),ISNA($Z4)),NA(),$AA4-$Z4) -> -2 | AQ4: =IF(OR(ISNA($AC4),ISNA($AB4)),NA(),$AC4-$AB4) -> -0.66666667 | AR4: =IF(OR(ISNA($AD4),ISNA($AC4)),NA(),$AD4-$AC4) -> 0.66666667 | AS4: =Values!$CO9 -> 4 | AT4: =Values!$DH9 -> 6 | AU4: =Values!$EA9 -> 4 | AV4: =Values!$CP9 -> 4 | AW4: =Values!$DI9 -> 5 | AX4: =Values!$EB9 -> 4 | AY4: =Values!$CQ9 -> 4 | AZ4: =Values!$DJ9 -> 5 | BA4: =Values!$EC9 -> 4 | BB4: =Values!$CR9 -> 4 | BC4: =Values!$DK9 -> 6 | BD4: =Values!$ED9 -> 4 | BE4: =Values!$CS9 -> 4 | BF4: =Values!$DL9 -> 5 | BG4: =Values!$EE9 -> 4 | BH4: =Values!$CT9 -> 4 | BI4: =Values!$DM9 -> 5 | BJ4: =Values!$EF9 -> 4 | BK4: =Values!$CU9 -> 4 | BL4: =Values!$DN9 -> 5 | BM4: =Values!$EG9 -> 4 | BN4: =Values!$CV9 -> 5 | BO4: =Values!$DO9 -> 6 | BP4: =Values!$EH9 -> 6 | BQ4: =Values!$CW9 -> 2 | BR4: =Values!$DP9 -> 4 | BS4: =Values!$EI9 -> 2 | BT4: =Values!$CX9 -> 2 | BU4: =Values!$DQ9 -> 3 | BV4: =Values!$EJ9 -> 2 | BW4: =Values!$CY9 -> 2 | BX4: =Values!$DR9 -> 3 | BY4: =Values!$EK9 -> 3 | BZ4: =Values!$CZ9 -> NA | CA4: =Values!$DS9 -> NA | CB4: =Values!$EL9 -> NA | CC4: =Values!$DA9 -> 3 | CD4: =Values!$DT9 -> 4 | CE4: =Values!$EM9 -> 3 | CF4: =Values!$DB9 -> 4 | CG4: =Values!$DU9 -> 5 | CH4: =Values!$EN9 -> 5 | CI4: =Values!$DC9 -> 3 | CJ4: =Values!$DV9 -> 4 | CK4: =Values!$EO9 -> 4 | CL4: =Values!$DD9 -> 5 | CM4: =Values!$DW9 -> 6 | CN4: =Values!$EP9 -> 5 | CO4: =Values!$DE9 -> 4 | CP4: =Values!$DX9 -> 5 | CQ4: =Values!$EQ9 -> 4 | CR4: =Values!$DF9 -> 4 | CS4: =Values!$DY9 -> 5 | CT4: =Values!$ER9 -> 4 | CU4: =Values!$DG9 -> 4 | CV4: =Values!$DZ9 -> 5 | CW4: =Values!$ES9 -> 4 | CX4: =IF(AND(ISNUMBER($AT4),ISNUMBER($AS4)),$AT4-$AS4,"NA") -> 2 | CY4: =IF(AND(ISNUMBER($AU4),ISNUMBER($AT4)),$AU4-$AT4,"NA") -> -2 | CZ4: =IF(AND(ISNUMBER($AW4),ISNUMBER($AV4)),$AW4-$AV4,"NA") -> 1 | DA4: =IF(AND(ISNUMBER($AX4),ISNUMBER($AW4)),$AX4-$AW4,"NA") -> -1 | DB4: =IF(AND(ISNUMBER($AZ4),ISNUMBER($AY4)),$AZ4-$AY4,"NA") -> 1 | DC4: =IF(AND(ISNUMBER($BA4),ISNUMBER($AZ4)),$BA4-$AZ4,"NA") -> -1 | DD4: =IF(AND(ISNUMBER($BC4),ISNUMBER($BB4)),$BC4-$BB4,"NA") -> 2 | DE4: =IF(AND(ISNUMBER($BD4),ISNUMBER($BC4)),$BD4-$BC4,"NA") -> -2 | DF4: =IF(AND(ISNUMBER($BF4),ISNUMBER($BE4)),$BF4-$BE4,"NA") -> 1 | DG4: =IF(AND(ISNUMBER($BG4),ISNUMBER($BF4)),$BG4-$BF4,"NA") -> -1 | DH4: =IF(AND(ISNUMBER($BI4),ISNUMBER($BH4)),$BI4-$BH4,"NA") -> 1 | DI4: =IF(AND(ISNUMBER($BJ4),ISNUMBER($BI4)),$BJ4-$BI4,"NA") -> -1 | DJ4: =IF(AND(ISNUMBER($BL4),ISNUMBER($BK4)),$BL4-$BK4,"NA") -> 1 | DK4: =IF(AND(ISNUMBER($BM4),ISNUMBER($BL4)),$BM4-$BL4,"NA") -> -1 | DL4: =IF(AND(ISNUMBER($BO4),ISNUMBER($BN4)),$BO4-$BN4,"NA") -> 1 | DM4: =IF(AND(ISNUMBER($BP4),ISNUMBER($BO4)),$BP4-$BO4,"NA") -> 0 | DN4: =IF(AND(ISNUMBER($BR4),ISNUMBER($BQ4)),$BR4-$BQ4,"NA") -> 2 | DO4: =IF(AND(ISNUMBER($BS4),ISNUMBER($BR4)),$BS4-$BR4,"NA") -> -2 | DP4: =IF(AND(ISNUMBER($BU4),ISNUMBER($BT4)),$BU4-$BT4,"NA") -> 1 | DQ4: =IF(AND(ISNUMBER($BV4),ISNUMBER($BU4)),$BV4-$BU4,"NA") -> -1 | DR4: =IF(AND(ISNUMBER($BX4),ISNUMBER($BW4)),$BX4-$BW4,"NA") -> 1 | DS4: =IF(AND(ISNUMBER($BY4),ISNUMBER($BX4)),$BY4-$BX4,"NA") -> 0 | DT4: =IF(AND(ISNUMBER($CA4),ISNUMBER($BZ4)),$CA4-$BZ4,"NA") -> NA | DU4: =IF(AND(ISNUMBER($CB4),ISNUMBER($CA4)),$CB4-$CA4,"NA") -> NA | DV4: =IF(AND(ISNUMBER($CD4),ISNUMBER($CC4)),$CD4-$CC4,"NA") -> 1 | DW4: =IF(AND(ISNUMBER($CE4),ISNUMBER($CD4)),$CE4-$CD4,"NA") -> -1 | DX4: =IF(AND(ISNUMBER($CG4),ISNUMBER($CF4)),$CG4-$CF4,"NA") -> 1 | DY4: =IF(AND(ISNUMBER($CH4),ISNUMBER($CG4)),$CH4-$CG4,"NA") -> 0 | DZ4: =IF(AND(ISNUMBER($CJ4),ISNUMBER($CI4)),$CJ4-$CI4,"NA") -> 1 | EA4: =IF(AND(ISNUMBER($CK4),ISNUMBER($CJ4)),$CK4-$CJ4,"NA") -> 0 | EB4: =IF(AND(ISNUMBER($CM4),ISNUMBER($CL4)),$CM4-$CL4,"NA") -> 1 | EC4: =IF(AND(ISNUMBER($CN4),ISNUMBER($CM4)),$CN4-$CM4,"NA") -> -1 | ED4: =IF(AND(ISNUMBER($CP4),ISNUMBER($CO4)),$CP4-$CO4,"NA") -> 1 | EE4: =IF(AND(ISNUMBER($CQ4),ISNUMBER($CP4)),$CQ4-$CP4,"NA") -> -1 | EF4: =IF(AND(ISNUMBER($CS4),ISNUMBER($CR4)),$CS4-$CR4,"NA") -> 1 | EG4: =IF(AND(ISNUMBER($CT4),ISNUMBER($CS4)),$CT4-$CS4,"NA") -> -1 | EH4: =IF(AND(ISNUMBER($CV4),ISNUMBER($CU4)),$CV4-$CU4,"NA") -> 1 | EI4: =IF(AND(ISNUMBER($CW4),ISNUMBER($CV4)),$CW4-$CV4,"NA") -> -1 | EJ4: =IF(ISNUMBER(Values!$AU9),--(Values!$AU9>=4),0) -> 0 | EK4: =IF(ISNUMBER(Values!$BY9),--(Values!$BY9>=4),0) -> 0 | EL4: =IF(ISNUMBER(Values!$AN9),--(Values!$AN9>=4),0) -> 1 | EM4: =IF(ISNUMBER(Values!$BR9),--(Values!$BR9>=4),0) -> 0 | EN4: =IF(ISNUMBER(Values!$BC9),--(Values!$BC9>=4),0) -> 1 | EO4: =IF(ISNUMBER(Values!$CG9),--(Values!$CG9>=4),0) -> 0 | EP4: =IF(ISNUMBER(Values!$BJ9),--(Values!$BJ9>=4),0) -> 0 | EQ4: =IF(ISNUMBER(Values!$CN9),--(Values!$CN9>=4),0) -> 0 | ER4: =IF(ISNUMBER(Values!$BG9),--(Values!$BG9>=4),0) -> 0 | ES4: =IF(ISNUMBER(Values!$CK9),--(Values!$CK9>=4),0) -> 0 | ET4: =Values!$ET9 -> 0 | EU4: =Values!$FA9 -> 0 | EV4: =Values!$FH9 -> 0 | EW4: =Values!$EU9 -> 0 | EX4: =Values!$FB9 -> 0 | EY4: =Values!$FI9 -> 0 | EZ4: =Values!$EV9 -> 1 | FA4: =Values!$FC9 -> 1 | FB4: =Values!$FJ9 -> 1 | FC4: =Values!$EW9 -> 0 | FD4: =Values!$FD9 -> 1 | FE4: =Values!$FK9 -> 0 | FF4: =Values!$EX9 -> 0 | FG4: =Values!$FE9 -> 0 | FH4: =Values!$FL9 -> 0 | FI4: =Values!$EY9 -> 1 | FJ4: =Values!$FF9 -> 1 | FK4: =Values!$FM9 -> 1 | FL4: =Values!$EZ9 -> 0 | FM4: =Values!$FG9 -> 1 | FN4: =Values!$FN9 -> 0 | FO4: =IF(OR($GH4=1,$GI4=1),"NA",--AND($EX4=1,$EW4=0)) -> 0 | FP4: =IF(OR($GH4=1,$GI4=1),"NA",--AND($FA4=1,$EZ4=0)) -> 0 | FQ4: =IF(OR($GH4=1,$GI4=1),"NA",--AND($FD4=1,$FC4=0)) -> 1 | FR4: =IF(OR($GH4=1,$GI4=1),"NA",--AND($FG4=1,$FF4=0)) -> 0 | FS4: =IF(OR($GH4=1,$GI4=1),"NA",--AND($FJ4=1,$FI4=0)) -> 0 | FT4: =IF(OR($GH4=1,$GI4=1),"NA",--AND($FM4=1,$FL4=0)) -> 1 | FU4: =Values!$FP9 -> 0 | FV4: =Values!$FQ9 -> 0 | FW4: =Values!$FR9 -> 0 | FX4: =Values!$FS9 -> 1 | FY4: =Values!$FT9 -> 0 | FZ4: =Values!$FU9 -> 0 | GA4: =--AND($FU4=1,$EX4=0) -> 0 | GB4: =--AND($FV4=1,$FA4=0) -> 0 | GC4: =--AND($FW4=1,$FD4=0) -> 0 | GD4: =--AND($FX4=1,$FG4=0) -> 1 | GE4: =--AND($FY4=1,$FJ4=0) -> 0 | GF4: =--AND($FZ4=1,$FM4=0) -> 0 | GG4: {=IF(_xlfn.TEXTJOIN(";",TRUE,IF((Values!$B$2:$FU$2="item")*(Values!$B9:$FU9=""),Values!$B$5:$FU$5,""))="",0,_xlfn.TEXTJOIN(";",TRUE,IF((Values!$B$2:$FU$2="item")*(Values!$B9:$FU9=""),Values!$B$5:$FU$5,"")))} -> 0 | GH4: =--AND($ET4=1,SUM($EW4,$EZ4,$FC4,$FF4,$FI4,$FL4)>0) -> 0 | GI4: =--AND($EU4=1,SUM($EX4,$FA4,$FD4,$FG4,$FJ4,$FM4)>0) -> 0 | GJ4: =--AND($EV4=1,SUM($EY4,$FB4,$FE4,$FH4,$FK4,$FN4)>0) -> 0 | GK4: =--AND($EU4=1,$GI4=0) -> 0 | GL4: =Pattern!$W4 -> 0 | GM4: =Pattern!$AS4 -> 0 | GN4: =Pattern!$BO4 -> 0 | GO4: =Pattern!$BQ4 -> 0 | GP4: =Pattern!$S4 -> 2 | GQ4: =Pattern!$AO4 -> 3 | GR4: =Pattern!$BK4 -> 3 | GS4: =Pattern!$V4 -> 0.47058824 | GT4: =Pattern!$AR4 -> 0.23333333 | GU4: =Pattern!$BN4 -> 0.46666667 | GV4: =Pattern!$T4 -> 2 | GW4: =Pattern!$AP4 -> 1 | GX4: =Pattern!$BL4 -> 2 | GY4: =Pattern!$BP4 -> 8 | GZ4: =Values!$X9 -> 4 | HA4: =Values!$AC9 -> 4 | HB4: =Values!$K9 -> 2 | HC4: =Values!$G9 -> 3 | HD4: =Values!$AA9 -> 2 | HE4: =Values!$S9 -> 3 | HF4: =Values!$Y9 -> 5 | HG4: =Values!$AE9 -> 5 | HH4: =Values!$N9 -> 2 | HI4: =Values!$I9 -> 2 | HJ4: =Values!$M9 -> 3 | HK4: =Values!$AB9 -> 2 | HL4: =Values!$Q9 -> 2 | HM4: =Values!$T9 -> 3 | HN4: =Values!$W9 -> 3 | HO4: =Values!$H9 -> 3 | HP4: =Values!$L9 -> 2 | HQ4: =Values!$O9 -> 2 | HR4: =Values!$R9 -> 3 | HS4: =Values!$U9 -> 2 | HT4: =Values!$Z9 -> 4 | HU4: =Values!$AF9 -> 3 | HV4: =Values!$AD9 -> 3 | HW4: =Values!$J9 -> 4 | HX4: =Values!$P9 -> 3 | HY4: =Values!$V9 -> 4 | HZ4: =Values!$AG9 -> 5 | IA4: =Values!$BK9 -> 4 | IB4: =Values!$AO9 -> 4 | IC4: =Values!$BS9 -> 4 | ID4: =Values!$BB9 -> 1 | IE4: =Values!$CF9 -> 2 | IF4: =Values!$AH9 -> 4 | IG4: =Values!$BL9 -> 3 | IH4: =Values!$AS9 -> 1 | II4: =Values!$BW9 -> 2 | IJ4: =Values!$BA9 -> 4 | IK4: =Values!$CE9 -> 3 | IL4: =Values!$AM9 -> 5 | IM4: =Values!$BQ9 -> 4 | IN4: =Values!$AV9 -> 4 | IO4: =Values!$BZ9 -> 3 | IP4: =Values!$BF9 -> 1 | IQ4: =Values!$CJ9 -> 1 | IR4: =Values!$AJ9 -> 2 | IS4: =Values!$BN9 -> 3 | IT4: =Values!$AQ9 -> 2 | IU4: =Values!$BU9 -> 3 | IV4: =Values!$AX9 -> 2 | IW4: =Values!$CB9 -> 3 | IX4: =Values!$BE9 -> 3 | IY4: =Values!$CI9 -> 4 | IZ4: =Values!$BI9 -> 4 | JA4: =Values!$CM9 -> 3 | JB4: =Values!$AI9 -> 3 | JC4: =Values!$BM9 -> 3 | JD4: =Values!$AP9 -> 2 | JE4: =Values!$BT9 -> 3 | JF4: =Values!$AW9 -> 2 | JG4: =Values!$CA9 -> 2 | JH4: =Values!$BD9 -> 4 | JI4: =Values!$CH9 -> 3 | JJ4: =Values!$BH9 -> 3 | JK4: =Values!$CL9 -> 3 | JL4: =Values!$AK9 -> 5 | JM4: =Values!$BO9 -> 4 | JN4: =Values!$AR9 -> 1 | JO4: =Values!$BV9 -> 4 | JP4: =Values!$AY9 -> 5 | JQ4: =Values!$CC9 -> 3 | JR4: =Values!$AL9 -> 3 | JS4: =Values!$BP9 -> 4 | JT4: =Values!$AT9 -> 3 | JU4: =Values!$BX9 -> 2 | JV4: =Values!$AZ9 -> 3 | JW4: =Values!$CD9 -> 3 | JX4: =Values!$AU9 -> 1 | JY4: =Values!$BY9 -> 1 | JZ4: =Values!$AN9 -> 4 | KA4: =Values!$BR9 -> 2 | KB4: =Values!$BC9 -> 5 | KC4: =Values!$CG9 -> 2 | KD4: =Values!$BJ9 -> 1 | KE4: =Values!$CN9 -> 2 | KF4: =Values!$BG9 -> 3 | KG4: =Values!$CK9 -> 3
